sample_id,class,sigma,seed,E,eta,E_nir,parasitic_frac,fill_achieved,radius_scale,n_redraws,n_restarts
0,ordered,0.0000,20260709,2.457035,0.344816,4.600226,0.035983,0.384845,1.000000,0,0
1,jitter,0.0200,21260709,2.544443,0.357083,5.135995,0.041234,0.384845,1.000000,0,0
2,jitter,0.0200,21260710,2.528218,0.354806,5.036170,0.041200,0.384845,1.000000,0,0
3,jitter,0.0200,21260711,2.550457,0.357927,5.142447,0.041430,0.384845,1.000000,0,0
4,jitter,0.0200,21260712,2.554465,0.358489,5.105296,0.041245,0.384845,1.000000,0,0
5,jitter,0.0200,21260713,2.534892,0.355743,5.036106,0.040404,0.384845,1.000000,0,0
7,jitter,0.0200,21260715,2.540629,0.356548,5.078782,0.041044,0.384845,1.000000,0,0
8,jitter,0.0200,21260716,2.545061,0.357170,5.122308,0.041552,0.384845,1.000000,0,0
10,jitter,0.0200,21260718,2.543221,0.356912,5.107953,0.041143,0.384845,1.000000,0,0
11,jitter,0.0200,21260719,2.535876,0.355881,5.111714,0.040956,0.384845,1.000000,0,0
12,jitter,0.0200,21260720,2.538662,0.356272,5.069354,0.040918,0.384845,1.000000,0,0
13,jitter,0.0200,21260721,2.555917,0.358693,5.154667,0.041667,0.384845,1.000000,0,0
14,jitter,0.0200,21260722,2.543081,0.356892,5.098638,0.041234,0.384845,1.000000,0,0
15,jitter,0.0200,21260723,2.537601,0.356123,5.067451,0.040819,0.384845,1.000000,0,0
16,jitter,0.0200,21260724,2.546701,0.357400,5.140472,0.041057,0.384845,1.000000,0,0
17,jitter,0.0200,21260725,2.535738,0.355861,5.067148,0.040649,0.384845,1.000000,0,0
19,jitter,0.0200,21260727,2.544646,0.357112,5.132412,0.040880,0.384845,1.000000,0,0
20,jitter,0.0200,21260728,2.548630,0.357671,5.126076,0.041228,0.384845,1.000000,0,0
21,jitter,0.0200,21260729,2.540541,0.356535,5.095619,0.041319,0.384845,1.000000,0,0
22,jitter,0.0200,21260730,2.540049,0.356466,5.078187,0.041052,0.384845,1.000000,0,0
23,jitter,0.0200,21260731,2.547722,0.357543,5.113160,0.041159,0.384845,1.000000,0,0
24,jitter,0.0200,21260732,2.542762,0.356847,5.106310,0.040997,0.384845,1.000000,0,0
25,jitter,0.0200,21260733,2.537034,0.356043,5.083671,0.040998,0.384845,1.000000,0,0
26,jitter,0.0200,21260734,2.540224,0.356491,5.078828,0.040675,0.384845,1.000000,0,0
28,jitter,0.0200,21260736,2.541106,0.356615,5.094875,0.041320,0.384845,1.000000,0,0
29,jitter,0.0200,21260737,2.550117,0.357879,5.116740,0.041151,0.384845,1.000000,0,0
30,jitter,0.0200,21260738,2.533076,0.355488,5.066589,0.040718,0.384845,1.000000,0,0
31,jitter,0.0200,21260739,2.533938,0.355609,5.058855,0.040962,0.384845,1.000000,0,0
32,jitter,0.0200,21260740,2.543917,0.357009,5.093626,0.040754,0.384845,1.000000,0,0
33,jitter,0.0200,21260741,2.546681,0.357397,5.102347,0.040879,0.384845,1.000000,0,0
34,jitter,0.0200,21260742,2.546129,0.357320,5.094384,0.040732,0.384845,1.000000,0,0
35,jitter,0.0200,21260743,2.535768,0.355866,5.034579,0.041025,0.384845,1.000000,0,0
36,jitter,0.0200,21260744,2.544256,0.357057,5.131659,0.040922,0.384845,1.000000,0,0
37,jitter,0.0200,21260745,2.542955,0.356874,5.079920,0.040909,0.384845,1.000000,0,0
38,jitter,0.0200,21260746,2.542613,0.356826,5.104130,0.041118,0.384845,1.000000,0,0
39,jitter,0.0200,21260747,2.535413,0.355816,5.050769,0.040798,0.384845,1.000000,0,0
40,jitter,0.0200,21260748,2.546193,0.357329,5.117716,0.041014,0.384845,1.000000,0,0
42,jitter,0.0200,21260750,2.542985,0.356878,5.102315,0.040937,0.384845,1.000000,0,0
45,jitter,0.0200,21260753,2.542152,0.356761,5.123857,0.040962,0.384845,1.000000,0,0
46,jitter,0.0200,21260754,2.526860,0.354615,5.037041,0.041031,0.384845,1.000000,0,0
47,jitter,0.0200,21260755,2.530191,0.355083,5.051317,0.040765,0.384845,1.000000,0,0
48,jitter,0.0200,21260756,2.538533,0.356254,5.068667,0.040846,0.384845,1.000000,0,0
49,jitter,0.0200,21260757,2.533626,0.355565,5.059043,0.041122,0.384845,1.000000,0,0
50,jitter,0.0200,21260758,2.536844,0.356016,5.092720,0.040666,0.384845,1.000000,0,0
51,jitter,0.0200,21260759,2.537616,0.356125,5.050239,0.040947,0.384845,1.000000,0,0
52,jitter,0.0200,21260760,2.531228,0.355228,5.017557,0.040686,0.384845,1.000000,0,0
53,jitter,0.0200,21260761,2.552031,0.358148,5.160836,0.041202,0.384845,1.000000,0,0
54,jitter,0.0200,21260762,2.546167,0.357325,5.101291,0.041319,0.384845,1.000000,0,0
55,jitter,0.0200,21260763,2.546921,0.357431,5.107897,0.041396,0.384845,1.000000,0,0
56,jitter,0.0200,21260764,2.544901,0.357147,5.109365,0.041365,0.384845,1.000000,0,0
57,jitter,0.0200,21260765,2.540618,0.356546,5.081085,0.041211,0.384845,1.000000,0,0
58,jitter,0.0200,21260766,2.538925,0.356309,5.070869,0.040819,0.384845,1.000000,0,0
59,jitter,0.0200,21260767,2.542998,0.356880,5.109456,0.041171,0.384845,1.000000,0,0
60,jitter,0.0200,21260768,2.542283,0.356780,5.065325,0.040772,0.384845,1.000000,0,0
61,jitter,0.0200,21260769,2.541569,0.356680,5.082392,0.040940,0.384845,1.000000,0,0
62,jitter,0.0200,21260770,2.543590,0.356963,5.107626,0.041151,0.384845,1.000000,0,0
63,jitter,0.0200,21260771,2.545088,0.357173,5.089010,0.040737,0.384845,1.000000,0,0
64,jitter,0.0200,21260772,2.542219,0.356771,5.098149,0.041355,0.384845,1.000000,0,0
65,jitter,0.0200,21260773,2.539941,0.356451,5.080959,0.040780,0.384845,1.000000,0,0
66,jitter,0.0200,21260774,2.537449,0.356101,5.067793,0.040880,0.384845,1.000000,0,0
67,jitter,0.0200,21260775,2.548249,0.357617,5.089381,0.041114,0.384845,1.000000,0,0
68,jitter,0.0200,21260776,2.546900,0.357428,5.108327,0.041037,0.384845,1.000000,0,0
70,jitter,0.0200,21260778,2.537866,0.356160,5.097430,0.041194,0.384845,1.000000,0,0
71,jitter,0.0200,21260779,2.535403,0.355814,5.064422,0.040973,0.384845,1.000000,0,0
72,jitter,0.0200,21260780,2.537462,0.356103,5.100469,0.040898,0.384845,1.000000,0,0
73,jitter,0.0200,21260781,2.542614,0.356826,5.125705,0.041116,0.384845,1.000000,0,0
74,jitter,0.0200,21260782,2.521933,0.353924,4.988492,0.040018,0.384845,1.000000,0,0
75,jitter,0.0200,21260783,2.536414,0.355956,5.080567,0.040635,0.384845,1.000000,0,0
76,jitter,0.0400,21270709,2.593706,0.363996,5.448329,0.044692,0.384845,1.000000,0,0
77,jitter,0.0400,21270710,2.596265,0.364356,5.455780,0.044863,0.384845,1.000000,0,0
78,jitter,0.0400,21270711,2.587844,0.363174,5.422614,0.045057,0.384845,1.000000,0,0
79,jitter,0.0400,21270712,2.604546,0.365518,5.527614,0.045346,0.384845,1.000000,0,0
80,jitter,0.0400,21270713,2.588296,0.363237,5.499219,0.044967,0.384845,1.000000,0,0
81,jitter,0.0400,21270714,2.588810,0.363309,5.404301,0.044122,0.384845,1.000000,0,0
82,jitter,0.0400,21270715,2.580591,0.362156,5.368620,0.043989,0.384845,1.000000,0,0
83,jitter,0.0400,21270716,2.601758,0.365126,5.507166,0.045419,0.384845,1.000000,0,0
84,jitter,0.0400,21270717,2.589814,0.363450,5.476605,0.044843,0.384845,1.000000,0,0
85,jitter,0.0400,21270718,2.584247,0.362669,5.384574,0.043819,0.384845,1.000000,0,0
86,jitter,0.0400,21270719,2.581936,0.362345,5.364919,0.044295,0.384845,1.000000,0,0
87,jitter,0.0400,21270720,2.599230,0.364772,5.495706,0.045606,0.384845,1.000000,0,0
88,jitter,0.0400,21270721,2.591002,0.363617,5.444344,0.044830,0.384845,1.000000,0,0
89,jitter,0.0400,21270722,2.594209,0.364067,5.477803,0.045070,0.384845,1.000000,0,0
90,jitter,0.0400,21270723,2.591711,0.363716,5.469634,0.044692,0.384845,1.000000,0,0
91,jitter,0.0400,21270724,2.591282,0.363656,5.457968,0.044410,0.384845,1.000000,0,0
92,jitter,0.0400,21270725,2.593995,0.364037,5.466126,0.044343,0.384845,1.000000,0,0
93,jitter,0.0400,21270726,2.603328,0.365347,5.517532,0.045216,0.384845,1.000000,0,0
94,jitter,0.0400,21270727,2.594013,0.364040,5.450402,0.044607,0.384845,1.000000,0,0
95,jitter,0.0400,21270728,2.591313,0.363661,5.373988,0.044186,0.384845,1.000000,0,0
96,jitter,0.0400,21270729,2.591241,0.363651,5.443703,0.045256,0.384845,1.000000,0,0
97,jitter,0.0400,21270730,2.581825,0.362329,5.384794,0.043819,0.384845,1.000000,0,0
98,jitter,0.0400,21270731,2.597277,0.364498,5.466838,0.044780,0.384845,1.000000,0,0
99,jitter,0.0400,21270732,2.600726,0.364982,5.484012,0.044957,0.384845,1.000000,0,0
100,jitter,0.0400,21270733,2.582803,0.362466,5.395697,0.043869,0.384845,1.000000,0,0
101,jitter,0.0400,21270734,2.597490,0.364528,5.482917,0.045423,0.384845,1.000000,0,0
102,jitter,0.0400,21270735,2.596530,0.364393,5.445022,0.044656,0.384845,1.000000,0,0
103,jitter,0.0400,21270736,2.592224,0.363788,5.445365,0.044868,0.384845,1.000000,0,0
104,jitter,0.0400,21270737,2.584357,0.362684,5.389977,0.044236,0.384845,1.000000,0,0
105,jitter,0.0400,21270738,2.589172,0.363360,5.414261,0.044627,0.384845,1.000000,0,0
106,jitter,0.0400,21270739,2.583173,0.362518,5.419824,0.044729,0.384845,1.000000,0,0
107,jitter,0.0400,21270740,2.594451,0.364101,5.467450,0.045347,0.384845,1.000000,0,0
108,jitter,0.0400,21270741,2.587396,0.363111,5.409957,0.044512,0.384845,1.000000,0,0
109,jitter,0.0400,21270742,2.594480,0.364105,5.452490,0.044935,0.384845,1.000000,0,0
110,jitter,0.0400,21270743,2.593753,0.364003,5.485394,0.045297,0.384845,1.000000,0,0
111,jitter,0.0400,21270744,2.582122,0.362371,5.375232,0.044506,0.384845,1.000000,0,0
112,jitter,0.0400,21270745,2.574846,0.361350,5.343839,0.043741,0.384845,1.000000,0,0
113,jitter,0.0400,21270746,2.584168,0.362658,5.353830,0.044253,0.384845,1.000000,0,0
114,jitter,0.0400,21270747,2.582500,0.362424,5.407217,0.044346,0.384845,1.000000,0,0
115,jitter,0.0400,21270748,2.592282,0.363797,5.379267,0.044513,0.384845,1.000000,0,0
116,jitter,0.0400,21270749,2.597091,0.364472,5.458103,0.044831,0.384845,1.000000,0,0
117,jitter,0.0400,21270750,2.586348,0.362964,5.489451,0.045439,0.384845,1.000000,0,0
118,jitter,0.0400,21270751,2.597788,0.364569,5.546067,0.045756,0.384845,1.000000,0,0
119,jitter,0.0400,21270752,2.596382,0.364372,5.498576,0.045298,0.384845,1.000000,0,0
120,jitter,0.0400,21270753,2.577033,0.361657,5.373947,0.044235,0.384845,1.000000,0,0
121,jitter,0.0400,21270754,2.595610,0.364264,5.439459,0.045226,0.384845,1.000000,0,0
122,jitter,0.0400,21270755,2.592596,0.363841,5.460963,0.045280,0.384845,1.000000,0,0
123,jitter,0.0400,21270756,2.585158,0.362797,5.378840,0.044035,0.384845,1.000000,0,0
124,jitter,0.0400,21270757,2.583795,0.362606,5.407276,0.044362,0.384845,1.000000,0,0
125,jitter,0.0400,21270758,2.583290,0.362535,5.432593,0.044429,0.384845,1.000000,0,0
126,jitter,0.0400,21270759,2.596468,0.364384,5.412506,0.044284,0.384845,1.000000,0,0
127,jitter,0.0400,21270760,2.599740,0.364843,5.472480,0.044904,0.384845,1.000000,0,0
128,jitter,0.0400,21270761,2.593124,0.363915,5.459418,0.045227,0.384845,1.000000,0,0
130,jitter,0.0400,21270763,2.583248,0.362529,5.412058,0.044318,0.384845,1.000000,0,0
131,jitter,0.0400,21270764,2.589482,0.363404,5.475432,0.044713,0.384845,1.000000,0,0
132,jitter,0.0400,21270765,2.595487,0.364246,5.480320,0.045249,0.384845,1.000000,0,0
133,jitter,0.0400,21270766,2.584288,0.362675,5.407756,0.043969,0.384845,1.000000,0,0
134,jitter,0.0400,21270767,2.596197,0.364346,5.434644,0.045315,0.384845,1.000000,0,0
135,jitter,0.0400,21270768,2.591489,0.363685,5.388502,0.043934,0.384845,1.000000,0,0
136,jitter,0.0400,21270769,2.588236,0.363229,5.470640,0.045069,0.384845,1.000000,0,0
137,jitter,0.0400,21270770,2.593449,0.363960,5.464644,0.044849,0.384845,1.000000,0,0
138,jitter,0.0400,21270771,2.599549,0.364817,5.500243,0.045116,0.384845,1.000000,0,0
139,jitter,0.0400,21270772,2.605581,0.365663,5.526199,0.045171,0.384845,1.000000,0,0
140,jitter,0.0400,21270773,2.596512,0.364390,5.492846,0.045371,0.384845,1.000000,0,0
141,jitter,0.0400,21270774,2.588835,0.363313,5.471490,0.044833,0.384845,1.000000,0,0
142,jitter,0.0400,21270775,2.593669,0.363991,5.476839,0.044755,0.384845,1.000000,0,0
143,jitter,0.0400,21270776,2.593713,0.363997,5.466110,0.044503,0.384845,1.000000,0,0
144,jitter,0.0400,21270777,2.591772,0.363725,5.447037,0.044858,0.384845,1.000000,0,0
145,jitter,0.0400,21270778,2.588796,0.363307,5.442786,0.044612,0.384845,1.000000,0,0
146,jitter,0.0400,21270779,2.588138,0.363215,5.381151,0.044224,0.384845,1.000000,0,0
147,jitter,0.0400,21270780,2.605550,0.365659,5.488502,0.045441,0.384845,1.000000,0,0
148,jitter,0.0400,21270781,2.581452,0.362277,5.443615,0.044789,0.384845,1.000000,0,0
149,jitter,0.0400,21270782,2.572102,0.360965,5.371623,0.044476,0.384845,1.000000,0,0
150,jitter,0.0400,21270783,2.590801,0.363589,5.414400,0.044470,0.384845,1.000000,0,0
151,jitter,0.0600,21280709,2.610123,0.366300,5.622576,0.046573,0.384845,1.000000,0,0
152,jitter,0.0600,21280710,2.607269,0.365900,5.621640,0.046818,0.384845,1.000000,0,0
153,jitter,0.0600,21280711,2.618229,0.367438,5.668850,0.047983,0.384845,1.000000,0,0
154,jitter,0.0600,21280712,2.642179,0.370799,5.776967,0.048084,0.384845,1.000000,0,0
155,jitter,0.0600,21280713,2.627647,0.368760,5.702568,0.048189,0.384845,1.000000,0,0
156,jitter,0.0600,21280714,2.621558,0.367905,5.759926,0.048416,0.384845,1.000000,0,0
157,jitter,0.0600,21280715,2.622497,0.368037,5.723657,0.048586,0.384845,1.000000,0,0
158,jitter,0.0600,21280716,2.612921,0.366693,5.640975,0.047699,0.384845,1.000000,0,0
159,jitter,0.0600,21280717,2.619905,0.367673,5.713348,0.048288,0.384845,1.000000,0,0
160,jitter,0.0600,21280718,2.612458,0.366628,5.643962,0.047867,0.384845,1.000000,0,0
161,jitter,0.0600,21280719,2.624300,0.368290,5.736105,0.048073,0.384845,1.000000,0,0
162,jitter,0.0600,21280720,2.621370,0.367879,5.680804,0.047279,0.384845,1.000000,0,0
163,jitter,0.0600,21280721,2.618196,0.367433,5.602482,0.046664,0.384845,1.000000,0,0
164,jitter,0.0600,21280722,2.619880,0.367670,5.677526,0.047560,0.384845,1.000000,0,0
165,jitter,0.0600,21280723,2.593756,0.364004,5.561237,0.046445,0.384845,1.000000,0,0
166,jitter,0.0600,21280724,2.614051,0.366852,5.674254,0.047832,0.384845,1.000000,0,0
167,jitter,0.0600,21280725,2.619686,0.367642,5.646190,0.047412,0.384845,1.000000,0,0
168,jitter,0.0600,21280726,2.616306,0.367168,5.678606,0.047904,0.384845,1.000000,0,0
169,jitter,0.0600,21280727,2.620290,0.367727,5.697679,0.047953,0.384845,1.000000,0,0
170,jitter,0.0600,21280728,2.618216,0.367436,5.650734,0.047090,0.384845,1.000000,0,0
171,jitter,0.0600,21280729,2.612952,0.366697,5.682605,0.047930,0.384845,1.000000,0,0
172,jitter,0.0600,21280730,2.619304,0.367589,5.670367,0.047689,0.384845,1.000000,0,0
173,jitter,0.0600,21280731,2.626688,0.368625,5.716737,0.047971,0.384845,1.000000,0,0
174,jitter,0.0600,21280732,2.628086,0.368821,5.728179,0.048800,0.384845,1.000000,0,0
175,jitter,0.0600,21280733,2.620422,0.367746,5.659475,0.047100,0.384845,1.000000,0,0
176,jitter,0.0600,21280734,2.615640,0.367075,5.669363,0.047696,0.384845,1.000000,0,0
177,jitter,0.0600,21280735,2.610583,0.366365,5.671668,0.047621,0.384845,1.000000,0,0
178,jitter,0.0600,21280736,2.623425,0.368167,5.733951,0.048462,0.384845,1.000000,0,0
179,jitter,0.0600,21280737,2.604019,0.365444,5.632763,0.046978,0.384845,1.000000,0,0
180,jitter,0.0600,21280738,2.623698,0.368205,5.751125,0.048028,0.384845,1.000000,0,0
181,jitter,0.0600,21280739,2.622187,0.367993,5.665493,0.047582,0.384845,1.000000,0,0
182,jitter,0.0600,21280740,2.611600,0.366508,5.685262,0.048084,0.384845,1.000000,0,0
183,jitter,0.0600,21280741,2.622974,0.368104,5.716941,0.048912,0.384845,1.000000,0,0
184,jitter,0.0600,21280742,2.619479,0.367613,5.691492,0.047956,0.384845,1.000000,0,0
185,jitter,0.0600,21280743,2.604968,0.365577,5.635795,0.047122,0.384845,1.000000,0,0
186,jitter,0.0600,21280744,2.609736,0.366246,5.598557,0.047379,0.384845,1.000000,0,0
187,jitter,0.0600,21280745,2.617763,0.367373,5.700299,0.048171,0.384845,1.000000,0,0
188,jitter,0.0600,21280746,2.602193,0.365187,5.560138,0.047034,0.384845,1.000000,0,0
189,jitter,0.0600,21280747,2.612786,0.366674,5.618777,0.047079,0.384845,1.000000,0,0
190,jitter,0.0600,21280748,2.617682,0.367361,5.714777,0.047539,0.384845,1.000000,0,0
191,jitter,0.0600,21280749,2.607160,0.365885,5.621959,0.047586,0.384845,1.000000,0,0
192,jitter,0.0600,21280750,2.608421,0.366062,5.629303,0.047320,0.384845,1.000000,0,0
193,jitter,0.0600,21280751,2.623697,0.368205,5.693991,0.047503,0.384845,1.000000,0,0
194,jitter,0.0600,21280752,2.618287,0.367446,5.690242,0.048273,0.384845,1.000000,0,0
195,jitter,0.0600,21280753,2.624735,0.368351,5.687800,0.047550,0.384845,1.000000,0,0
196,jitter,0.0600,21280754,2.595444,0.364240,5.550872,0.047143,0.384845,1.000000,0,0
197,jitter,0.0600,21280755,2.620317,0.367731,5.691190,0.047897,0.384845,1.000000,0,0
198,jitter,0.0600,21280756,2.622314,0.368011,5.667862,0.047267,0.384845,1.000000,0,0
199,jitter,0.0600,21280757,2.610276,0.366322,5.627264,0.046954,0.384845,1.000000,0,0
200,jitter,0.0600,21280758,2.607305,0.365905,5.641269,0.047359,0.384845,1.000000,0,0
201,jitter,0.0600,21280759,2.619916,0.367675,5.707132,0.048041,0.384845,1.000000,0,0
202,jitter,0.0600,21280760,2.613100,0.366718,5.633818,0.046548,0.384845,1.000000,0,0
203,jitter,0.0600,21280761,2.614509,0.366916,5.675357,0.047788,0.384845,1.000000,0,0
204,jitter,0.0600,21280762,2.618119,0.367423,5.681182,0.047010,0.384845,1.000000,0,0
205,jitter,0.0600,21280763,2.612840,0.366682,5.626641,0.047312,0.384845,1.000000,0,0
206,jitter,0.0600,21280764,2.622221,0.367998,5.688066,0.047824,0.384845,1.000000,0,0
207,jitter,0.0600,21280765,2.608170,0.366026,5.580092,0.046647,0.384845,1.000000,0,0
208,jitter,0.0600,21280766,2.634377,0.369704,5.735134,0.048224,0.384845,1.000000,0,0
209,jitter,0.0600,21280767,2.618413,0.367464,5.659718,0.047098,0.384845,1.000000,0,0
210,jitter,0.0600,21280768,2.623997,0.368247,5.678711,0.047572,0.384845,1.000000,0,0
211,jitter,0.0600,21280769,2.613659,0.366797,5.608848,0.046755,0.384845,1.000000,0,0
212,jitter,0.0600,21280770,2.625590,0.368471,5.714534,0.047759,0.384845,1.000000,0,0
213,jitter,0.0600,21280771,2.623708,0.368207,5.715335,0.047451,0.384845,1.000000,0,0
214,jitter,0.0600,21280772,2.615336,0.367032,5.613140,0.047052,0.384845,1.000000,0,0
215,jitter,0.0600,21280773,2.631435,0.369291,5.746661,0.048322,0.384845,1.000000,0,0
216,jitter,0.0600,21280774,2.624137,0.368267,5.726950,0.048889,0.384845,1.000000,0,0
217,jitter,0.0600,21280775,2.607649,0.365953,5.640276,0.047507,0.384845,1.000000,0,0
218,jitter,0.0600,21280776,2.613227,0.366736,5.675336,0.047653,0.384845,1.000000,0,0
219,jitter,0.0600,21280777,2.606720,0.365823,5.677134,0.048026,0.384845,1.000000,0,0
220,jitter,0.0600,21280778,2.607428,0.365922,5.610296,0.047540,0.384845,1.000000,0,0
221,jitter,0.0600,21280779,2.607125,0.365880,5.627397,0.046814,0.384845,1.000000,0,0
222,jitter,0.0600,21280780,2.620121,0.367703,5.690438,0.047735,0.384845,1.000000,0,0
223,jitter,0.0600,21280781,2.595846,0.364297,5.570659,0.046403,0.384845,1.000000,0,0
224,jitter,0.0600,21280782,2.623504,0.368178,5.666565,0.047642,0.384845,1.000000,0,0
225,jitter,0.0600,21280783,2.615956,0.367119,5.601855,0.046733,0.384845,1.000000,0,0
226,jitter,0.0800,21290709,2.624821,0.368363,5.793205,0.049968,0.384845,1.000000,0,0
227,jitter,0.0800,21290710,2.623134,0.368126,5.802353,0.050423,0.384845,1.000000,0,0
228,jitter,0.0800,21290711,2.624714,0.368348,5.780567,0.049041,0.384845,1.000000,0,0
229,jitter,0.0800,21290712,2.617458,0.367330,5.761346,0.049630,0.384845,1.000000,0,0
230,jitter,0.0800,21290713,2.613890,0.366829,5.753738,0.050061,0.384845,1.000000,0,0
231,jitter,0.0800,21290714,2.629789,0.369060,5.737916,0.049374,0.384845,1.000000,0,0
232,jitter,0.0800,21290715,2.625417,0.368447,5.869826,0.050403,0.384845,1.000000,0,0
233,jitter,0.0800,21290716,2.613701,0.366803,5.727196,0.048646,0.384845,1.000000,0,0
234,jitter,0.0800,21290717,2.619115,0.367562,5.741273,0.049802,0.384845,1.000000,0,0
235,jitter,0.0800,21290718,2.627972,0.368805,5.786929,0.049015,0.384845,1.000000,0,0
236,jitter,0.0800,21290719,2.629321,0.368995,5.800635,0.050186,0.384845,1.000000,0,0
237,jitter,0.0800,21290720,2.638347,0.370261,5.848592,0.050724,0.384845,1.000000,0,0
238,jitter,0.0800,21290721,2.624985,0.368386,5.787620,0.050121,0.384845,1.000000,0,0
239,jitter,0.0800,21290722,2.613478,0.366771,5.754821,0.049663,0.384845,1.000000,0,0
240,jitter,0.0800,21290723,2.626990,0.368668,5.828265,0.049945,0.384845,1.000000,0,0
241,jitter,0.0800,21290724,2.611821,0.366539,5.718920,0.049024,0.384845,1.000000,0,0
242,jitter,0.0800,21290725,2.630144,0.369110,5.775767,0.050393,0.384845,1.000000,0,0
243,jitter,0.0800,21290726,2.625024,0.368392,5.700426,0.049439,0.384845,1.000000,0,0
244,jitter,0.0800,21290727,2.621677,0.367922,5.760265,0.049032,0.384845,1.000000,0,0
245,jitter,0.0800,21290728,2.623002,0.368108,5.751734,0.049130,0.384845,1.000000,0,0
246,jitter,0.0800,21290729,2.615053,0.366992,5.752078,0.049856,0.384845,1.000000,0,0
247,jitter,0.0800,21290730,2.629465,0.369015,5.812633,0.049752,0.384845,1.000000,0,0
248,jitter,0.0800,21290731,2.626047,0.368535,5.784600,0.049093,0.384845,1.000000,0,0
249,jitter,0.0800,21290732,2.621024,0.367830,5.794774,0.049913,0.384845,1.000000,0,0
250,jitter,0.0800,21290733,2.640253,0.370529,5.876163,0.050168,0.384845,1.000000,0,0
251,jitter,0.0800,21290734,2.629932,0.369080,5.811886,0.049582,0.384845,1.000000,0,0
252,jitter,0.0800,21290735,2.625497,0.368458,5.742126,0.048508,0.384845,1.000000,0,0
253,jitter,0.0800,21290736,2.625124,0.368406,5.774236,0.049264,0.384845,1.000000,0,0
254,jitter,0.0800,21290737,2.622777,0.368076,5.786171,0.050082,0.384845,1.000000,0,0
255,jitter,0.0800,21290738,2.625751,0.368494,5.768128,0.049287,0.384845,1.000000,0,0
256,jitter,0.0800,21290739,2.615103,0.366999,5.763887,0.049013,0.384845,1.000000,0,0
257,jitter,0.0800,21290740,2.620107,0.367702,5.750670,0.049459,0.384845,1.000000,0,0
258,jitter,0.0800,21290741,2.625668,0.368482,5.761079,0.048871,0.384845,1.000000,0,0
259,jitter,0.0800,21290742,2.627978,0.368806,5.786067,0.050067,0.384845,1.000000,0,0
260,jitter,0.0800,21290743,2.626972,0.368665,5.784008,0.049943,0.384845,1.000000,0,0
261,jitter,0.0800,21290744,2.624886,0.368372,5.801788,0.049768,0.384845,1.000000,0,0
262,jitter,0.0800,21290745,2.630287,0.369130,5.865418,0.050165,0.384845,1.000000,0,0
263,jitter,0.0800,21290746,2.644905,0.371182,5.873243,0.050435,0.384845,1.000000,0,0
264,jitter,0.0800,21290747,2.620047,0.367693,5.780148,0.048901,0.384845,1.000000,0,0
265,jitter,0.0800,21290748,2.622583,0.368049,5.765265,0.048934,0.384845,1.000000,0,0
266,jitter,0.0800,21290749,2.624401,0.368304,5.764254,0.049251,0.384845,1.000000,0,0
267,jitter,0.0800,21290750,2.612205,0.366593,5.696860,0.048775,0.384845,1.000000,0,0
268,jitter,0.0800,21290751,2.632337,0.369418,5.800950,0.050009,0.384845,1.000000,0,0
269,jitter,0.0800,21290752,2.617107,0.367280,5.733898,0.049262,0.384845,1.000000,0,0
270,jitter,0.0800,21290753,2.618166,0.367429,5.733483,0.048956,0.384845,1.000000,0,0
271,jitter,0.0800,21290754,2.613165,0.366727,5.714899,0.048652,0.384845,1.000000,0,0
272,jitter,0.0800,21290755,2.606661,0.365815,5.707340,0.048938,0.384845,1.000000,0,0
273,jitter,0.0800,21290756,2.627781,0.368779,5.798410,0.049731,0.384845,1.000000,0,0
274,jitter,0.0800,21290757,2.622659,0.368060,5.704452,0.048994,0.384845,1.000000,0,0
275,jitter,0.0800,21290758,2.626900,0.368655,5.778893,0.049810,0.384845,1.000000,0,0
276,jitter,0.0800,21290759,2.622450,0.368030,5.787228,0.049578,0.384845,1.000000,0,0
277,jitter,0.0800,21290760,2.620373,0.367739,5.736477,0.048731,0.384845,1.000000,0,0
278,jitter,0.0800,21290761,2.629500,0.369020,5.835718,0.050273,0.384845,1.000000,0,0
279,jitter,0.0800,21290762,2.626365,0.368580,5.765631,0.048748,0.384845,1.000000,0,0
280,jitter,0.0800,21290763,2.628743,0.368913,5.771441,0.049674,0.384845,1.000000,0,0
281,jitter,0.0800,21290764,2.622972,0.368104,5.757026,0.049394,0.384845,1.000000,0,0
282,jitter,0.0800,21290765,2.613057,0.366712,5.739186,0.049207,0.384845,1.000000,0,0
283,jitter,0.0800,21290766,2.626387,0.368583,5.776877,0.049101,0.384845,1.000000,0,0
284,jitter,0.0800,21290767,2.630900,0.369216,5.759202,0.048902,0.384845,1.000000,0,0
285,jitter,0.0800,21290768,2.631256,0.369266,5.853072,0.049774,0.384845,1.000000,0,0
286,jitter,0.0800,21290769,2.627110,0.368684,5.768124,0.049527,0.384845,1.000000,0,0
287,jitter,0.0800,21290770,2.628775,0.368918,5.812748,0.050284,0.384845,1.000000,0,0
288,jitter,0.0800,21290771,2.613608,0.366789,5.730346,0.048954,0.384845,1.000000,0,0
289,jitter,0.0800,21290772,2.623141,0.368127,5.763836,0.050064,0.384845,1.000000,0,0
290,jitter,0.0800,21290773,2.629732,0.369052,5.840683,0.049860,0.384845,1.000000,0,0
291,jitter,0.0800,21290774,2.618725,0.367508,5.719287,0.049581,0.384845,1.000000,0,0
292,jitter,0.0800,21290775,2.631917,0.369359,5.780748,0.048716,0.384845,1.000000,0,0
293,jitter,0.0800,21290776,2.624268,0.368286,5.747342,0.049810,0.384845,1.000000,0,0
294,jitter,0.0800,21290777,2.621431,0.367887,5.749616,0.049791,0.384845,1.000000,0,0
295,jitter,0.0800,21290778,2.641022,0.370637,5.883368,0.050199,0.384845,1.000000,0,0
296,jitter,0.0800,21290779,2.617413,0.367323,5.689385,0.048549,0.384845,1.000000,0,0
297,jitter,0.0800,21290780,2.618294,0.367447,5.741110,0.050249,0.384845,1.000000,0,0
298,jitter,0.0800,21290781,2.618430,0.367466,5.785711,0.049757,0.384845,1.000000,0,0
299,jitter,0.0800,21290782,2.599989,0.364878,5.665443,0.048973,0.384845,1.000000,0,0
300,jitter,0.0800,21290783,2.626345,0.368577,5.747332,0.049668,0.384845,1.000000,0,0
301,jitter,0.1000,21300709,2.631085,0.369242,5.871515,0.051245,0.384845,1.000000,0,0
302,jitter,0.1000,21300710,2.616800,0.367238,5.812419,0.051294,0.384845,1.000000,0,0
303,jitter,0.1000,21300711,2.615970,0.367121,5.778639,0.050229,0.384845,1.000000,0,0
304,jitter,0.1000,21300712,2.623736,0.368211,5.850659,0.050910,0.384845,1.000000,0,0
305,jitter,0.1000,21300713,2.623459,0.368172,5.877465,0.051174,0.384845,1.000000,0,0
306,jitter,0.1000,21300714,2.607734,0.365965,5.770587,0.050532,0.384845,1.000000,0,0
307,jitter,0.1000,21300715,2.621110,0.367842,5.816969,0.050800,0.384845,1.000000,0,0
308,jitter,0.1000,21300716,2.623694,0.368205,5.835208,0.050094,0.384845,1.000000,0,0
309,jitter,0.1000,21300717,2.636939,0.370064,5.922534,0.050732,0.384845,1.000000,0,0
310,jitter,0.1000,21300718,2.633585,0.369593,5.876069,0.050494,0.384845,1.000000,0,0
311,jitter,0.1000,21300719,2.613481,0.366772,5.754072,0.049985,0.384845,1.000000,0,0
312,jitter,0.1000,21300720,2.614531,0.366919,5.810361,0.050409,0.384845,1.000000,0,0
313,jitter,0.1000,21300721,2.628857,0.368929,5.866027,0.051200,0.384845,1.000000,0,0
314,jitter,0.1000,21300722,2.620101,0.367701,5.798736,0.049929,0.384845,1.000000,0,0
315,jitter,0.1000,21300723,2.608299,0.366044,5.801352,0.050838,0.384845,1.000000,0,0
316,jitter,0.1000,21300724,2.613559,0.366783,5.798860,0.050348,0.384845,1.000000,0,0
317,jitter,0.1000,21300725,2.636151,0.369953,5.856090,0.050010,0.384845,1.000000,0,0
318,jitter,0.1000,21300726,2.610452,0.366347,5.740756,0.050232,0.384845,1.000000,0,0
319,jitter,0.1000,21300727,2.607198,0.365890,5.750668,0.050100,0.384845,1.000000,0,0
320,jitter,0.1000,21300728,2.620820,0.367802,5.761604,0.049872,0.384845,1.000000,0,0
321,jitter,0.1000,21300729,2.611746,0.366528,5.783294,0.050230,0.384845,1.000000,0,0
322,jitter,0.1000,21300730,2.631020,0.369233,5.843358,0.050675,0.384845,1.000000,0,0
323,jitter,0.1000,21300731,2.617539,0.367341,5.771347,0.050565,0.384845,1.000000,0,0
324,jitter,0.1000,21300732,2.626518,0.368601,5.840869,0.050735,0.384845,1.000000,0,0
325,jitter,0.1000,21300733,2.613039,0.366710,5.793849,0.049992,0.384845,1.000000,0,0
326,jitter,0.1000,21300734,2.621110,0.367842,5.806796,0.050611,0.384845,1.000000,0,0
327,jitter,0.1000,21300735,2.616326,0.367171,5.781707,0.050294,0.384845,1.000000,0,0
328,jitter,0.1000,21300736,2.604019,0.365444,5.700268,0.050366,0.384845,1.000000,0,0
329,jitter,0.1000,21300737,2.630067,0.369099,5.846187,0.051212,0.384845,1.000000,0,0
330,jitter,0.1000,21300738,2.624709,0.368347,5.839373,0.051372,0.384845,1.000000,0,0
331,jitter,0.1000,21300739,2.630828,0.369206,5.894792,0.050557,0.384845,1.000000,0,0
332,jitter,0.1000,21300740,2.627763,0.368776,5.863711,0.050744,0.384845,1.000000,0,0
333,jitter,0.1000,21300741,2.623211,0.368137,5.843022,0.051108,0.384845,1.000000,0,0
334,jitter,0.1000,21300742,2.624890,0.368373,5.794098,0.050883,0.384845,1.000000,0,0
335,jitter,0.1000,21300743,2.609465,0.366208,5.786340,0.050556,0.384845,1.000000,0,0
336,jitter,0.1000,21300744,2.612673,0.366658,5.798033,0.050692,0.384845,1.000000,0,0
337,jitter,0.1000,21300745,2.629695,0.369047,5.806995,0.050886,0.384845,1.000000,0,0
338,jitter,0.1000,21300746,2.636356,0.369982,5.875017,0.050651,0.384845,1.000000,0,0
339,jitter,0.1000,21300747,2.616863,0.367246,5.801406,0.051211,0.384845,1.000000,0,0
340,jitter,0.1000,21300748,2.621501,0.367897,5.798920,0.051287,0.384845,1.000000,0,0
341,jitter,0.1000,21300749,2.633293,0.369552,5.887690,0.051428,0.384845,1.000000,0,0
342,jitter,0.1000,21300750,2.633865,0.369632,5.864733,0.050346,0.384845,1.000000,0,0
343,jitter,0.1000,21300751,2.612836,0.366681,5.760584,0.049806,0.384845,1.000000,0,0
344,jitter,0.1000,21300752,2.623783,0.368217,5.865952,0.050540,0.384845,1.000000,0,0
345,jitter,0.1000,21300753,2.618779,0.367515,5.823552,0.051199,0.384845,1.000000,0,0
346,jitter,0.1000,21300754,2.621468,0.367893,5.813211,0.050987,0.384845,1.000000,0,0
347,jitter,0.1000,21300755,2.627868,0.368791,5.860859,0.050613,0.384845,1.000000,0,0
348,jitter,0.1000,21300756,2.621883,0.367951,5.757265,0.050284,0.384845,1.000000,0,0
349,jitter,0.1000,21300757,2.615235,0.367018,5.829884,0.051160,0.384845,1.000000,0,0
350,jitter,0.1000,21300758,2.619859,0.367667,5.803675,0.050999,0.384845,1.000000,0,0
351,jitter,0.1000,21300759,2.609521,0.366216,5.788373,0.050231,0.384845,1.000000,0,0
352,jitter,0.1000,21300760,2.636722,0.370033,5.839409,0.050812,0.384845,1.000000,0,0
353,jitter,0.1000,21300761,2.629141,0.368969,5.854975,0.050449,0.384845,1.000000,0,0
354,jitter,0.1000,21300762,2.617851,0.367385,5.828824,0.050762,0.384845,1.000000,0,0
355,jitter,0.1000,21300763,2.626045,0.368535,5.820732,0.050340,0.384845,1.000000,0,0
356,jitter,0.1000,21300764,2.626168,0.368552,5.833694,0.050424,0.384845,1.000000,0,0
357,jitter,0.1000,21300765,2.629650,0.369041,5.867928,0.051290,0.384845,1.000000,0,0
358,jitter,0.1000,21300766,2.628389,0.368864,5.847125,0.051235,0.384845,1.000000,0,0
359,jitter,0.1000,21300767,2.618189,0.367432,5.835485,0.050557,0.384845,1.000000,0,0
360,jitter,0.1000,21300768,2.633763,0.369618,5.851995,0.050915,0.384845,1.000000,0,0
361,jitter,0.1000,21300769,2.625344,0.368437,5.769978,0.049902,0.384845,1.000000,0,0
362,jitter,0.1000,21300770,2.617943,0.367398,5.789670,0.050723,0.384845,1.000000,0,0
363,jitter,0.1000,21300771,2.622620,0.368054,5.830028,0.050933,0.384845,1.000000,0,0
364,jitter,0.1000,21300772,2.621539,0.367902,5.828419,0.050414,0.384845,1.000000,0,0
365,jitter,0.1000,21300773,2.624318,0.368293,5.854009,0.051332,0.384845,1.000000,0,0
366,jitter,0.1000,21300774,2.620774,0.367795,5.825282,0.051125,0.384845,1.000000,0,0
367,jitter,0.1000,21300775,2.624322,0.368293,5.829697,0.050890,0.384845,1.000000,0,0
368,jitter,0.1000,21300776,2.615393,0.367040,5.770316,0.050389,0.384845,1.000000,0,0
369,jitter,0.1000,21300777,2.610823,0.366399,5.719285,0.050018,0.384845,1.000000,0,0
370,jitter,0.1000,21300778,2.622766,0.368075,5.839121,0.050306,0.384845,1.000000,0,0
371,jitter,0.1000,21300779,2.614195,0.366872,5.820859,0.051547,0.384845,1.000000,0,0
372,jitter,0.1000,21300780,2.624232,0.368280,5.868346,0.050968,0.384845,1.000000,0,0
373,jitter,0.1000,21300781,2.617033,0.367270,5.810401,0.051271,0.384845,1.000000,0,0
374,jitter,0.1000,21300782,2.633363,0.369562,5.838227,0.050165,0.384845,1.000000,0,0
375,jitter,0.1000,21300783,2.616025,0.367129,5.757240,0.049728,0.384845,1.000000,0,0
376,jitter,0.1250,21310709,2.602994,0.365300,5.842599,0.051335,0.384845,1.000000,2,0
377,jitter,0.1250,21310710,2.603651,0.365392,5.826400,0.051268,0.384845,1.000000,2,0
378,jitter,0.1250,21310711,2.611749,0.366529,5.804406,0.050641,0.384845,1.000000,0,0
379,jitter,0.1250,21310712,2.606060,0.365730,5.762320,0.051410,0.384845,1.000000,0,0
380,jitter,0.1250,21310713,2.608678,0.366098,5.800181,0.051303,0.384845,1.000000,0,0
381,jitter,0.1250,21310714,2.619696,0.367644,5.802225,0.051367,0.384845,1.000000,0,0
382,jitter,0.1250,21310715,2.614104,0.366859,5.807661,0.051063,0.384845,1.000000,0,0
383,jitter,0.1250,21310716,2.606710,0.365821,5.773591,0.051171,0.384845,1.000000,0,0
384,jitter,0.1250,21310717,2.628468,0.368875,5.898014,0.051359,0.384845,1.000000,2,0
385,jitter,0.1250,21310718,2.616059,0.367133,5.812195,0.050588,0.384845,1.000000,0,0
386,jitter,0.1250,21310719,2.596190,0.364345,5.740875,0.051229,0.384845,1.000000,2,0
387,jitter,0.1250,21310720,2.623190,0.368134,5.876297,0.051474,0.384845,1.000000,4,0
388,jitter,0.1250,21310721,2.615971,0.367121,5.820442,0.051625,0.384845,1.000000,2,0
389,jitter,0.1250,21310722,2.602402,0.365217,5.788542,0.051161,0.384845,1.000000,2,0
390,jitter,0.1250,21310723,2.612722,0.366665,5.831973,0.052171,0.384845,1.000000,2,0
391,jitter,0.1250,21310724,2.614147,0.366865,5.826605,0.051687,0.384845,1.000000,0,0
392,jitter,0.1250,21310725,2.617251,0.367301,5.825623,0.051379,0.384845,1.000000,0,0
393,jitter,0.1250,21310726,2.609007,0.366144,5.827106,0.051642,0.384845,1.000000,0,0
394,jitter,0.1250,21310727,2.590297,0.363518,5.726935,0.051772,0.384845,1.000000,0,0
395,jitter,0.1250,21310728,2.612038,0.366569,5.770759,0.051633,0.384845,1.000000,0,0
396,jitter,0.1250,21310729,2.617175,0.367290,5.815692,0.051706,0.384845,1.000000,0,0
397,jitter,0.1250,21310730,2.610065,0.366292,5.814515,0.050719,0.384845,1.000000,0,0
398,jitter,0.1250,21310731,2.609078,0.366154,5.780118,0.050885,0.384845,1.000000,0,0
399,jitter,0.1250,21310732,2.617357,0.367316,5.845364,0.051107,0.384845,1.000000,0,0
400,jitter,0.1250,21310733,2.615347,0.367033,5.848491,0.051661,0.384845,1.000000,0,0
401,jitter,0.1250,21310734,2.618000,0.367406,5.826051,0.051264,0.384845,1.000000,0,0
402,jitter,0.1250,21310735,2.621630,0.367915,5.827721,0.050348,0.384845,1.000000,0,0
403,jitter,0.1250,21310736,2.601080,0.365031,5.830495,0.051754,0.384845,1.000000,0,0
404,jitter,0.1250,21310737,2.600514,0.364952,5.826067,0.051585,0.384845,1.000000,2,0
405,jitter,0.1250,21310738,2.618784,0.367516,5.826528,0.051487,0.384845,1.000000,2,0
406,jitter,0.1250,21310739,2.602395,0.365216,5.766562,0.050645,0.384845,1.000000,0,0
407,jitter,0.1250,21310740,2.592105,0.363772,5.712183,0.050803,0.384845,1.000000,0,0
408,jitter,0.1250,21310741,2.610428,0.366343,5.839669,0.051872,0.384845,1.000000,0,0
409,jitter,0.1250,21310742,2.611250,0.366459,5.806805,0.051560,0.384845,1.000000,2,0
410,jitter,0.1250,21310743,2.621391,0.367882,5.852614,0.051117,0.384845,1.000000,0,0
411,jitter,0.1250,21310744,2.619181,0.367572,5.837236,0.051208,0.384845,1.000000,0,0
412,jitter,0.1250,21310745,2.596947,0.364451,5.768454,0.051361,0.384845,1.000000,0,0
413,jitter,0.1250,21310746,2.618915,0.367534,5.791041,0.051628,0.384845,1.000000,0,0
414,jitter,0.1250,21310747,2.602507,0.365232,5.762651,0.051203,0.384845,1.000000,0,0
415,jitter,0.1250,21310748,2.609929,0.366273,5.818872,0.050829,0.384845,1.000000,2,0
416,jitter,0.1250,21310749,2.600030,0.364884,5.766813,0.051011,0.384845,1.000000,0,0
417,jitter,0.1250,21310750,2.616829,0.367242,5.835074,0.051871,0.384845,1.000000,2,0
418,jitter,0.1250,21310751,2.613412,0.366762,5.787758,0.051966,0.384845,1.000000,2,0
419,jitter,0.1250,21310752,2.642126,0.370792,5.957570,0.052305,0.384845,1.000000,0,0
420,jitter,0.1250,21310753,2.609164,0.366166,5.798795,0.051314,0.384845,1.000000,0,0
421,jitter,0.1250,21310754,2.618824,0.367521,5.890907,0.052156,0.384845,1.000000,0,0
422,jitter,0.1250,21310755,2.606044,0.365728,5.796960,0.051219,0.384845,1.000000,0,0
423,jitter,0.1250,21310756,2.617578,0.367347,5.785611,0.051040,0.384845,1.000000,0,0
424,jitter,0.1250,21310757,2.613599,0.366788,5.838141,0.051888,0.384845,1.000000,2,0
425,jitter,0.1250,21310758,2.615787,0.367095,5.845700,0.050894,0.384845,1.000000,0,0
426,jitter,0.1250,21310759,2.611070,0.366433,5.823376,0.050688,0.384845,1.000000,2,0
427,jitter,0.1250,21310760,2.613847,0.366823,5.823251,0.051062,0.384845,1.000000,0,0
428,jitter,0.1250,21310761,2.619041,0.367552,5.837742,0.051454,0.384845,1.000000,0,0
429,jitter,0.1250,21310762,2.600186,0.364906,5.756081,0.051773,0.384845,1.000000,0,0
430,jitter,0.1250,21310763,2.626313,0.368573,5.834783,0.051298,0.384845,1.000000,0,0
431,jitter,0.1250,21310764,2.631485,0.369298,5.919032,0.051563,0.384845,1.000000,0,0
432,jitter,0.1250,21310765,2.609863,0.366264,5.799275,0.050871,0.384845,1.000000,0,0
433,jitter,0.1250,21310766,2.624376,0.368301,5.830956,0.051412,0.384845,1.000000,4,0
434,jitter,0.1250,21310767,2.618989,0.367545,5.840636,0.051786,0.384845,1.000000,4,0
435,jitter,0.1250,21310768,2.600654,0.364972,5.732049,0.050669,0.384845,1.000000,0,0
436,jitter,0.1250,21310769,2.610271,0.366321,5.779143,0.051011,0.384845,1.000000,2,0
437,jitter,0.1250,21310770,2.635184,0.369817,5.895901,0.051541,0.384845,1.000000,2,0
438,jitter,0.1250,21310771,2.618068,0.367415,5.880951,0.051620,0.384845,1.000000,0,0
439,jitter,0.1250,21310772,2.627152,0.368690,5.845474,0.051134,0.384845,1.000000,0,0
440,jitter,0.1250,21310773,2.610508,0.366354,5.759881,0.051130,0.384845,1.000000,2,0
441,jitter,0.1250,21310774,2.595566,0.364258,5.742872,0.050654,0.384845,1.000000,0,0
442,jitter,0.1250,21310775,2.595719,0.364279,5.785053,0.051149,0.384845,1.000000,2,0
443,jitter,0.1250,21310776,2.599821,0.364855,5.838098,0.050686,0.384845,1.000000,0,0
444,jitter,0.1250,21310777,2.622243,0.368001,5.841462,0.051554,0.384845,1.000000,0,0
445,jitter,0.1250,21310778,2.601998,0.365160,5.824017,0.051665,0.384845,1.000000,0,0
446,jitter,0.1250,21310779,2.608746,0.366107,5.831816,0.051840,0.384845,1.000000,0,0
447,jitter,0.1250,21310780,2.607248,0.365897,5.849481,0.051345,0.384845,1.000000,0,0
448,jitter,0.1250,21310781,2.603773,0.365409,5.795879,0.050734,0.384845,1.000000,4,0
449,jitter,0.1250,21310782,2.605077,0.365592,5.772713,0.050502,0.384845,1.000000,0,0
450,jitter,0.1250,21310783,2.629552,0.369027,5.859192,0.051615,0.384845,1.000000,0,0
451,jitter,0.1500,21320709,2.606748,0.365827,5.786916,0.052053,0.384845,1.000000,8,0
452,jitter,0.1500,21320710,2.613183,0.366730,5.825802,0.051427,0.384845,1.000000,10,0
453,jitter,0.1500,21320711,2.602232,0.365193,5.771524,0.051409,0.384845,1.000000,2,0
454,jitter,0.1500,21320712,2.596893,0.364444,5.736769,0.051133,0.384845,1.000000,12,0
455,jitter,0.1500,21320713,2.605921,0.365711,5.793271,0.050901,0.384845,1.000000,6,0
456,jitter,0.1500,21320714,2.609359,0.366193,5.794750,0.051739,0.384845,1.000000,10,0
457,jitter,0.1500,21320715,2.618303,0.367448,5.784315,0.051298,0.384845,1.000000,10,0
458,jitter,0.1500,21320716,2.591817,0.363731,5.733281,0.051529,0.384845,1.000000,5,0
459,jitter,0.1500,21320717,2.583144,0.362514,5.746264,0.051035,0.384845,1.000000,7,0
460,jitter,0.1500,21320718,2.600669,0.364974,5.756278,0.051548,0.384845,1.000000,6,0
461,jitter,0.1500,21320719,2.605300,0.365624,5.785706,0.050985,0.384845,1.000000,6,0
462,jitter,0.1500,21320720,2.579958,0.362067,5.738048,0.051190,0.384845,1.000000,10,0
463,jitter,0.1500,21320721,2.598212,0.364629,5.758496,0.050915,0.384845,1.000000,2,0
464,jitter,0.1500,21320722,2.604260,0.365478,5.776858,0.052623,0.384845,1.000000,6,0
465,jitter,0.1500,21320723,2.615999,0.367125,5.843316,0.052618,0.384845,1.000000,6,0
466,jitter,0.1500,21320724,2.611792,0.366535,5.836089,0.051273,0.384845,1.000000,13,0
467,jitter,0.1500,21320725,2.601046,0.365027,5.751158,0.051645,0.384845,1.000000,8,0
468,jitter,0.1500,21320726,2.591456,0.363681,5.749322,0.050430,0.384845,1.000000,4,0
469,jitter,0.1500,21320727,2.601040,0.365026,5.814690,0.050974,0.384845,1.000000,6,0
470,jitter,0.1500,21320728,2.628267,0.368847,5.881733,0.051818,0.384845,1.000000,4,0
471,jitter,0.1500,21320729,2.603415,0.365359,5.817242,0.051570,0.384845,1.000000,4,0
472,jitter,0.1500,21320730,2.597956,0.364593,5.788435,0.050856,0.384845,1.000000,10,0
473,jitter,0.1500,21320731,2.611526,0.366497,5.816905,0.050947,0.384845,1.000000,0,0
474,jitter,0.1500,21320732,2.611685,0.366520,5.823602,0.051520,0.384845,1.000000,2,0
475,jitter,0.1500,21320733,2.622058,0.367975,5.832243,0.052000,0.384845,1.000000,4,0
476,jitter,0.1500,21320734,2.600229,0.364912,5.761277,0.050661,0.384845,1.000000,8,0
477,jitter,0.1500,21320735,2.604227,0.365473,5.804453,0.051119,0.384845,1.000000,10,0
478,jitter,0.1500,21320736,2.594946,0.364170,5.768046,0.050790,0.384845,1.000000,6,0
479,jitter,0.1500,21320737,2.602004,0.365161,5.805849,0.051834,0.384845,1.000000,4,0
480,jitter,0.1500,21320738,2.594082,0.364049,5.773182,0.051749,0.384845,1.000000,6,0
481,jitter,0.1500,21320739,2.612713,0.366664,5.774676,0.050949,0.384845,1.000000,0,0
482,jitter,0.1500,21320740,2.611980,0.366561,5.830385,0.051633,0.384845,1.000000,4,0
483,jitter,0.1500,21320741,2.612248,0.366599,5.814487,0.051114,0.384845,1.000000,12,0
484,jitter,0.1500,21320742,2.614653,0.366936,5.796519,0.051630,0.384845,1.000000,6,0
485,jitter,0.1500,21320743,2.621137,0.367846,5.856320,0.052389,0.384845,1.000000,6,0
486,jitter,0.1500,21320744,2.591757,0.363723,5.737862,0.051047,0.384845,1.000000,2,0
487,jitter,0.1500,21320745,2.600547,0.364956,5.765308,0.051603,0.384845,1.000000,6,0
488,jitter,0.1500,21320746,2.603585,0.365383,5.753509,0.049763,0.384845,1.000000,14,0
489,jitter,0.1500,21320747,2.597262,0.364496,5.786985,0.050908,0.384845,1.000000,2,0
490,jitter,0.1500,21320748,2.626800,0.368641,5.827046,0.051327,0.384845,1.000000,8,0
491,jitter,0.1500,21320749,2.594071,0.364048,5.751333,0.050531,0.384845,1.000000,10,0
492,jitter,0.1500,21320750,2.612059,0.366572,5.815700,0.051721,0.384845,1.000000,2,0
493,jitter,0.1500,21320751,2.594687,0.364134,5.745465,0.050670,0.384845,1.000000,11,0
494,jitter,0.1500,21320752,2.593204,0.363926,5.751082,0.051942,0.384845,1.000000,4,0
495,jitter,0.1500,21320753,2.606348,0.365771,5.753897,0.050867,0.384845,1.000000,4,0
496,jitter,0.1500,21320754,2.607514,0.365934,5.805379,0.051046,0.384845,1.000000,8,0
497,jitter,0.1500,21320755,2.595446,0.364241,5.762261,0.052631,0.384845,1.000000,2,0
498,jitter,0.1500,21320756,2.591289,0.363657,5.719512,0.050857,0.384845,1.000000,6,0
499,jitter,0.1500,21320757,2.601817,0.365135,5.791380,0.051339,0.384845,1.000000,4,0
500,jitter,0.1500,21320758,2.589248,0.363371,5.735485,0.051187,0.384845,1.000000,6,0
501,jitter,0.1500,21320759,2.607611,0.365948,5.749392,0.050767,0.384845,1.000000,2,0
502,jitter,0.1500,21320760,2.586079,0.362926,5.763907,0.051284,0.384845,1.000000,6,0
503,jitter,0.1500,21320761,2.596634,0.364407,5.786750,0.051348,0.384845,1.000000,8,0
504,jitter,0.1500,21320762,2.601020,0.365023,5.842604,0.051517,0.384845,1.000000,2,0
505,jitter,0.1500,21320763,2.614367,0.366896,5.806712,0.051126,0.384845,1.000000,0,0
506,jitter,0.1500,21320764,2.607298,0.365904,5.809423,0.050462,0.384845,1.000000,11,0
507,jitter,0.1500,21320765,2.591710,0.363716,5.734575,0.051605,0.384845,1.000000,6,0
508,jitter,0.1500,21320766,2.594991,0.364177,5.785595,0.051285,0.384845,1.000000,2,0
509,jitter,0.1500,21320767,2.594491,0.364107,5.743165,0.050332,0.384845,1.000000,2,0
510,jitter,0.1500,21320768,2.587862,0.363176,5.745340,0.050505,0.384845,1.000000,6,0
511,jitter,0.1500,21320769,2.592740,0.363861,5.743500,0.050899,0.384845,1.000000,9,0
512,jitter,0.1500,21320770,2.607144,0.365882,5.794269,0.051638,0.384845,1.000000,8,0
513,jitter,0.1500,21320771,2.595295,0.364219,5.731962,0.050747,0.384845,1.000000,6,0
514,jitter,0.1500,21320772,2.611392,0.366478,5.854397,0.051910,0.384845,1.000000,8,0
515,jitter,0.1500,21320773,2.617890,0.367390,5.819044,0.051374,0.384845,1.000000,8,0
516,jitter,0.1500,21320774,2.620699,0.367785,5.788737,0.051567,0.384845,1.000000,8,0
517,jitter,0.1500,21320775,2.611350,0.366473,5.823030,0.051697,0.384845,1.000000,11,0
518,jitter,0.1500,21320776,2.594059,0.364046,5.709289,0.050824,0.384845,1.000000,4,0
519,jitter,0.1500,21320777,2.601248,0.365055,5.765289,0.051355,0.384845,1.000000,10,0
520,jitter,0.1500,21320778,2.605830,0.365698,5.877979,0.052117,0.384845,1.000000,8,0
521,jitter,0.1500,21320779,2.606840,0.365840,5.787275,0.051081,0.384845,1.000000,8,0
522,jitter,0.1500,21320780,2.613613,0.366790,5.786256,0.051262,0.384845,1.000000,12,0
523,jitter,0.1500,21320781,2.599895,0.364865,5.790949,0.051071,0.384845,1.000000,5,0
524,jitter,0.1500,21320782,2.619364,0.367597,5.837088,0.051884,0.384845,1.000000,10,0
525,jitter,0.1500,21320783,2.589571,0.363416,5.708393,0.050846,0.384845,1.000000,6,0
526,jitter,0.2000,21330709,2.583125,0.362512,5.680997,0.050889,0.384845,1.000000,16,0
527,jitter,0.2000,21330710,2.602414,0.365218,5.819129,0.051267,0.384845,1.000000,39,0
528,jitter,0.2000,21330711,2.583860,0.362615,5.728041,0.051234,0.384845,1.000000,34,0
529,jitter,0.2000,21330712,2.610561,0.366362,5.785107,0.051186,0.384845,1.000000,46,0
530,jitter,0.2000,21330713,2.585180,0.362800,5.688540,0.050789,0.384845,1.000000,29,0
531,jitter,0.2000,21330714,2.586087,0.362927,5.711962,0.050588,0.384845,1.000000,18,0
532,jitter,0.2000,21330715,2.601280,0.365059,5.758635,0.051161,0.384845,1.000000,15,0
533,jitter,0.2000,21330716,2.589797,0.363448,5.675920,0.050088,0.384845,1.000000,35,0
534,jitter,0.2000,21330717,2.581770,0.362321,5.721306,0.050349,0.384845,1.000000,38,0
535,jitter,0.2000,21330718,2.592798,0.363869,5.662194,0.050487,0.384845,1.000000,25,0
536,jitter,0.2000,21330719,2.605869,0.365703,5.786606,0.051922,0.384845,1.000000,44,0
537,jitter,0.2000,21330720,2.586087,0.362927,5.668051,0.050652,0.384845,1.000000,26,0
538,jitter,0.2000,21330721,2.598654,0.364691,5.723660,0.050639,0.384845,1.000000,31,0
539,jitter,0.2000,21330722,2.592203,0.363786,5.723147,0.051427,0.384845,1.000000,25,0
540,jitter,0.2000,21330723,2.586340,0.362963,5.688245,0.050815,0.384845,1.000000,19,0
541,jitter,0.2000,21330724,2.592106,0.363772,5.685453,0.050619,0.384845,1.000000,33,0
542,jitter,0.2000,21330725,2.577689,0.361749,5.610592,0.050017,0.384845,1.000000,42,0
543,jitter,0.2000,21330726,2.611330,0.366470,5.791630,0.051806,0.384845,1.000000,21,0
544,jitter,0.2000,21330727,2.582623,0.362441,5.733778,0.050799,0.384845,1.000000,33,0
545,jitter,0.2000,21330728,2.585362,0.362826,5.701224,0.050679,0.384845,1.000000,26,0
546,jitter,0.2000,21330729,2.584722,0.362736,5.623546,0.050546,0.384845,1.000000,33,0
547,jitter,0.2000,21330730,2.581770,0.362321,5.675435,0.051168,0.384845,1.000000,25,0
548,jitter,0.2000,21330731,2.589718,0.363437,5.682393,0.051282,0.384845,1.000000,27,0
549,jitter,0.2000,21330732,2.581057,0.362221,5.712018,0.051089,0.384845,1.000000,23,0
550,jitter,0.2000,21330733,2.605772,0.365690,5.731762,0.050875,0.384845,1.000000,30,0
551,jitter,0.2000,21330734,2.597994,0.364598,5.783741,0.051976,0.384845,1.000000,11,0
552,jitter,0.2000,21330735,2.585506,0.362846,5.649166,0.050399,0.384845,1.000000,58,0
553,jitter,0.2000,21330736,2.598306,0.364642,5.721771,0.051220,0.384845,1.000000,12,0
554,jitter,0.2000,21330737,2.588872,0.363318,5.718692,0.051772,0.384845,1.000000,34,0
555,jitter,0.2000,21330738,2.581772,0.362322,5.656374,0.050976,0.384845,1.000000,23,0
556,jitter,0.2000,21330739,2.583250,0.362529,5.674746,0.050274,0.384845,1.000000,15,0
557,jitter,0.2000,21330740,2.605040,0.365587,5.759223,0.051560,0.384845,1.000000,32,0
558,jitter,0.2000,21330741,2.605115,0.365598,5.790710,0.050639,0.384845,1.000000,51,0
559,jitter,0.2000,21330742,2.584327,0.362680,5.676814,0.050871,0.384845,1.000000,31,0
560,jitter,0.2000,21330743,2.591481,0.363684,5.716167,0.051303,0.384845,1.000000,20,0
561,jitter,0.2000,21330744,2.556293,0.358746,5.588147,0.050677,0.384845,1.000000,13,0
562,jitter,0.2000,21330745,2.571308,0.360853,5.633415,0.050111,0.384845,1.000000,33,0
563,jitter,0.2000,21330746,2.587545,0.363132,5.705908,0.051229,0.384845,1.000000,23,0
564,jitter,0.2000,21330747,2.589333,0.363383,5.680018,0.051060,0.384845,1.000000,26,0
565,jitter,0.2000,21330748,2.583454,0.362558,5.658457,0.050626,0.384845,1.000000,26,0
566,jitter,0.2000,21330749,2.560009,0.359267,5.529656,0.049734,0.384845,1.000000,34,0
567,jitter,0.2000,21330750,2.583994,0.362634,5.667749,0.050492,0.384845,1.000000,41,0
568,jitter,0.2000,21330751,2.609587,0.366225,5.784352,0.051629,0.384845,1.000000,23,0
569,jitter,0.2000,21330752,2.596507,0.364390,5.697552,0.051612,0.384845,1.000000,14,0
570,jitter,0.2000,21330753,2.587148,0.363076,5.726846,0.051053,0.384845,1.000000,48,0
571,jitter,0.2000,21330754,2.598722,0.364700,5.746788,0.051321,0.384845,1.000000,31,0
572,jitter,0.2000,21330755,2.599841,0.364857,5.745698,0.050555,0.384845,1.000000,28,0
573,jitter,0.2000,21330756,2.588819,0.363311,5.695688,0.050315,0.384845,1.000000,37,0
574,jitter,0.2000,21330757,2.582706,0.362453,5.702566,0.051339,0.384845,1.000000,20,0
575,jitter,0.2000,21330758,2.587557,0.363134,5.691577,0.050371,0.384845,1.000000,12,0
576,jitter,0.2000,21330759,2.583474,0.362561,5.637145,0.050525,0.384845,1.000000,39,0
577,jitter,0.2000,21330760,2.586842,0.363033,5.673168,0.050897,0.384845,1.000000,37,0
578,jitter,0.2000,21330761,2.601253,0.365056,5.776669,0.050977,0.384845,1.000000,21,0
579,jitter,0.2000,21330762,2.595494,0.364247,5.713656,0.051037,0.384845,1.000000,20,0
580,jitter,0.2000,21330763,2.586794,0.363026,5.731006,0.051238,0.384845,1.000000,36,0
581,jitter,0.2000,21330764,2.584343,0.362682,5.719626,0.050823,0.384845,1.000000,25,0
582,jitter,0.2000,21330765,2.595098,0.364192,5.671551,0.049971,0.384845,1.000000,17,0
583,jitter,0.2000,21330766,2.567147,0.360269,5.615124,0.050288,0.384845,1.000000,46,0
584,jitter,0.2000,21330767,2.583066,0.362503,5.685583,0.050905,0.384845,1.000000,17,0
585,jitter,0.2000,21330768,2.578295,0.361834,5.662374,0.050019,0.384845,1.000000,19,0
586,jitter,0.2000,21330769,2.594712,0.364138,5.754617,0.051789,0.384845,1.000000,22,0
587,jitter,0.2000,21330770,2.578197,0.361820,5.634991,0.050928,0.384845,1.000000,35,0
588,jitter,0.2000,21330771,2.577224,0.361683,5.670605,0.051018,0.384845,1.000000,29,0
589,jitter,0.2000,21330772,2.601486,0.365088,5.710368,0.051120,0.384845,1.000000,13,0
590,jitter,0.2000,21330773,2.570854,0.360789,5.624760,0.050272,0.384845,1.000000,22,0
591,jitter,0.2000,21330774,2.576321,0.361557,5.648030,0.050974,0.384845,1.000000,23,0
592,jitter,0.2000,21330775,2.593763,0.364005,5.755517,0.051819,0.384845,1.000000,24,0
593,jitter,0.2000,21330776,2.609566,0.366222,5.767816,0.050546,0.384845,1.000000,30,0
594,jitter,0.2000,21330777,2.603890,0.365426,5.774211,0.051758,0.384845,1.000000,45,0
595,jitter,0.2000,21330778,2.595066,0.364187,5.693875,0.050665,0.384845,1.000000,21,0
596,jitter,0.2000,21330779,2.587464,0.363120,5.731341,0.050778,0.384845,1.000000,24,0
597,jitter,0.2000,21330780,2.581459,0.362278,5.651803,0.049910,0.384845,1.000000,27,0
598,jitter,0.2000,21330781,2.580587,0.362155,5.674549,0.050644,0.384845,1.000000,20,0
599,jitter,0.2000,21330782,2.579849,0.362052,5.617293,0.050208,0.384845,1.000000,29,0
600,jitter,0.2000,21330783,2.594185,0.364064,5.692574,0.050589,0.384845,1.000000,17,0
601,jitter,0.2500,21340709,2.567001,0.360249,5.580823,0.049421,0.384845,1.000000,41,0
602,jitter,0.2500,21340710,2.572922,0.361080,5.640552,0.049982,0.384845,1.000000,52,0
603,jitter,0.2500,21340711,2.558101,0.359000,5.538334,0.050276,0.384845,1.000000,65,0
604,jitter,0.2500,21340712,2.583250,0.362529,5.721994,0.050156,0.384845,1.000000,71,0
605,jitter,0.2500,21340713,2.565339,0.360016,5.554483,0.050047,0.384845,1.000000,77,0
606,jitter,0.2500,21340714,2.594317,0.364082,5.684164,0.050801,0.384845,1.000000,51,0
607,jitter,0.2500,21340715,2.568070,0.360399,5.612797,0.050446,0.384845,1.000000,78,0
608,jitter,0.2500,21340716,2.591420,0.363676,5.704819,0.050999,0.384845,1.000000,32,0
609,jitter,0.2500,21340717,2.588337,0.363243,5.603397,0.050725,0.384845,1.000000,77,0
610,jitter,0.2500,21340718,2.586117,0.362931,5.614869,0.050446,0.384845,1.000000,78,0
611,jitter,0.2500,21340719,2.565813,0.360082,5.560695,0.049963,0.384845,1.000000,35,0
612,jitter,0.2500,21340720,2.588429,0.363256,5.679018,0.051229,0.384845,1.000000,87,0
613,jitter,0.2500,21340721,2.573144,0.361111,5.592904,0.049831,0.384845,1.000000,77,0
614,jitter,0.2500,21340722,2.575629,0.361460,5.615472,0.050227,0.384845,1.000000,85,0
615,jitter,0.2500,21340723,2.582362,0.362404,5.720787,0.050524,0.384845,1.000000,65,0
616,jitter,0.2500,21340724,2.592811,0.363871,5.691132,0.050852,0.384845,1.000000,53,0
617,jitter,0.2500,21340725,2.583585,0.362576,5.644765,0.049893,0.384845,1.000000,57,0
618,jitter,0.2500,21340726,2.571296,0.360851,5.584141,0.050809,0.384845,1.000000,92,0
619,jitter,0.2500,21340727,2.563939,0.359819,5.597860,0.049522,0.384845,1.000000,84,0
620,jitter,0.2500,21340728,2.582223,0.362385,5.663016,0.050495,0.384845,1.000000,34,0
621,jitter,0.2500,21340729,2.579933,0.362064,5.625516,0.050320,0.384845,1.000000,99,0
622,jitter,0.2500,21340730,2.561002,0.359407,5.545817,0.049497,0.384845,1.000000,118,0
623,jitter,0.2500,21340731,2.578082,0.361804,5.586216,0.049907,0.384845,1.000000,111,0
624,jitter,0.2500,21340732,2.574858,0.361351,5.637482,0.050234,0.384845,1.000000,62,0
625,jitter,0.2500,21340733,2.577554,0.361730,5.610210,0.049852,0.384845,1.000000,91,0
626,jitter,0.2500,21340734,2.590584,0.363558,5.715625,0.050734,0.384845,1.000000,70,0
627,jitter,0.2500,21340735,2.599023,0.364743,5.708886,0.050082,0.384845,1.000000,141,0
628,jitter,0.2500,21340736,2.589339,0.363384,5.677701,0.051428,0.384845,1.000000,66,0
629,jitter,0.2500,21340737,2.583837,0.362611,5.674518,0.049878,0.384845,1.000000,57,0
630,jitter,0.2500,21340738,2.587265,0.363093,5.612539,0.049737,0.384845,1.000000,104,0
631,jitter,0.2500,21340739,2.599662,0.364832,5.724826,0.050927,0.384845,1.000000,61,0
632,jitter,0.2500,21340740,2.573402,0.361147,5.631329,0.050018,0.384845,1.000000,114,0
633,jitter,0.2500,21340741,2.566584,0.360190,5.555445,0.050063,0.384845,1.000000,50,0
634,jitter,0.2500,21340742,2.565827,0.360084,5.524319,0.050083,0.384845,1.000000,53,0
635,jitter,0.2500,21340743,2.581714,0.362313,5.615646,0.049950,0.384845,1.000000,53,0
636,jitter,0.2500,21340744,2.572559,0.361029,5.565753,0.049021,0.384845,1.000000,60,0
637,jitter,0.2500,21340745,2.570591,0.360753,5.571217,0.050186,0.384845,1.000000,80,0
638,jitter,0.2500,21340746,2.573444,0.361153,5.608423,0.050341,0.384845,1.000000,57,0
639,jitter,0.2500,21340747,2.594431,0.364098,5.698156,0.051060,0.384845,1.000000,58,0
640,jitter,0.2500,21340748,2.597689,0.364555,5.685508,0.050460,0.384845,1.000000,70,0
641,jitter,0.2500,21340749,2.578568,0.361872,5.623648,0.050747,0.384845,1.000000,29,0
642,jitter,0.2500,21340750,2.584073,0.362645,5.697036,0.050993,0.384845,1.000000,104,0
643,jitter,0.2500,21340751,2.576154,0.361533,5.585229,0.050682,0.384845,1.000000,76,0
644,jitter,0.2500,21340752,2.575126,0.361389,5.612289,0.050173,0.384845,1.000000,68,0
645,jitter,0.2500,21340753,2.578882,0.361916,5.644128,0.050443,0.384845,1.000000,107,0
646,jitter,0.2500,21340754,2.577303,0.361695,5.645096,0.050231,0.384845,1.000000,45,0
647,jitter,0.2500,21340755,2.579441,0.361995,5.617747,0.050700,0.384845,1.000000,93,0
648,jitter,0.2500,21340756,2.567106,0.360264,5.597692,0.049992,0.384845,1.000000,72,0
649,jitter,0.2500,21340757,2.584469,0.362700,5.640994,0.049862,0.384845,1.000000,65,0
650,jitter,0.2500,21340758,2.562229,0.359579,5.521801,0.049520,0.384845,1.000000,84,0
651,jitter,0.2500,21340759,2.583910,0.362622,5.653933,0.050725,0.384845,1.000000,69,0
652,jitter,0.2500,21340760,2.589449,0.363399,5.738816,0.051379,0.384845,1.000000,140,0
653,jitter,0.2500,21340761,2.572386,0.361004,5.619687,0.050531,0.384845,1.000000,69,0
654,jitter,0.2500,21340762,2.593599,0.363981,5.693028,0.050295,0.384845,1.000000,94,0
655,jitter,0.2500,21340763,2.577671,0.361746,5.613189,0.050925,0.384845,1.000000,80,0
656,jitter,0.2500,21340764,2.577341,0.361700,5.617807,0.050617,0.384845,1.000000,57,0
657,jitter,0.2500,21340765,2.579611,0.362018,5.642403,0.050179,0.384845,1.000000,94,0
658,jitter,0.2500,21340766,2.580765,0.362180,5.633268,0.049953,0.384845,1.000000,58,0
659,jitter,0.2500,21340767,2.575935,0.361502,5.611585,0.049998,0.384845,1.000000,87,0
660,jitter,0.2500,21340768,2.584060,0.362643,5.698391,0.051252,0.384845,1.000000,74,0
661,jitter,0.2500,21340769,2.566522,0.360181,5.545843,0.049915,0.384845,1.000000,39,0
662,jitter,0.2500,21340770,2.566690,0.360205,5.594905,0.050309,0.384845,1.000000,65,0
663,jitter,0.2500,21340771,2.566224,0.360140,5.529541,0.049266,0.384845,1.000000,44,0
664,jitter,0.2500,21340772,2.579127,0.361950,5.641671,0.050711,0.384845,1.000000,59,0
665,jitter,0.2500,21340773,2.573760,0.361197,5.576838,0.050170,0.384845,1.000000,90,0
666,jitter,0.2500,21340774,2.579103,0.361947,5.645806,0.050183,0.384845,1.000000,108,0
667,jitter,0.2500,21340775,2.582623,0.362441,5.634979,0.050242,0.384845,1.000000,101,0
668,jitter,0.2500,21340776,2.589365,0.363387,5.650643,0.050912,0.384845,1.000000,75,0
669,jitter,0.2500,21340777,2.581214,0.362243,5.603653,0.050072,0.384845,1.000000,39,0
670,jitter,0.2500,21340778,2.564894,0.359953,5.594843,0.050070,0.384845,1.000000,135,0
671,jitter,0.2500,21340779,2.587359,0.363106,5.663443,0.050617,0.384845,1.000000,60,0
672,jitter,0.2500,21340780,2.588877,0.363319,5.698367,0.050167,0.384845,1.000000,84,0
673,jitter,0.2500,21340781,2.565133,0.359987,5.573970,0.050230,0.384845,1.000000,60,0
674,jitter,0.2500,21340782,2.585426,0.362834,5.622449,0.050611,0.384845,1.000000,68,0
675,jitter,0.2500,21340783,2.573471,0.361157,5.648213,0.049679,0.384845,1.000000,47,0
676,jitter,0.3000,21350709,2.574935,0.361362,5.585516,0.050601,0.384845,1.000000,163,0
677,jitter,0.3000,21350710,2.547336,0.357489,5.435214,0.049063,0.384845,1.000000,142,0
678,jitter,0.3000,21350711,2.571329,0.360856,5.574185,0.049905,0.384845,1.000000,199,0
679,jitter,0.3000,21350712,2.581849,0.362333,5.602918,0.049911,0.384845,1.000000,400,0
680,jitter,0.3000,21350713,2.579506,0.362004,5.634192,0.050497,0.384845,1.000000,61,0
681,jitter,0.3000,21350714,2.581010,0.362215,5.630524,0.050614,0.384845,1.000000,58,0
682,jitter,0.3000,21350715,2.567721,0.360350,5.551050,0.050209,0.384845,1.000000,124,0
683,jitter,0.3000,21350716,2.566792,0.360219,5.562804,0.049932,0.384845,1.000000,184,0
684,jitter,0.3000,21350717,2.568583,0.360471,5.568897,0.049173,0.384845,1.000000,214,0
685,jitter,0.3000,21350718,2.579278,0.361972,5.514336,0.049779,0.384845,1.000000,118,0
686,jitter,0.3000,21350719,2.582952,0.362487,5.639503,0.050109,0.384845,1.000000,276,0
687,jitter,0.3000,21350720,2.554598,0.358508,5.436813,0.048792,0.384845,1.000000,192,0
688,jitter,0.3000,21350721,2.564317,0.359872,5.558752,0.050226,0.384845,1.000000,167,0
689,jitter,0.3000,21350722,2.582744,0.362458,5.586974,0.049847,0.384845,1.000000,231,0
690,jitter,0.3000,21350723,2.571698,0.360908,5.574327,0.049779,0.384845,1.000000,119,0
691,jitter,0.3000,21350724,2.565103,0.359982,5.569663,0.049086,0.384845,1.000000,206,0
692,jitter,0.3000,21350725,2.585564,0.362854,5.665327,0.050071,0.384845,1.000000,129,0
693,jitter,0.3000,21350726,2.595952,0.364312,5.636770,0.050878,0.384845,1.000000,331,0
694,jitter,0.3000,21350727,2.562343,0.359595,5.529550,0.048865,0.384845,1.000000,289,0
695,jitter,0.3000,21350728,2.571455,0.360874,5.572950,0.050164,0.384845,1.000000,201,0
696,jitter,0.3000,21350729,2.579313,0.361977,5.597687,0.049951,0.384845,1.000000,261,0
697,jitter,0.3000,21350730,2.561377,0.359459,5.550760,0.049851,0.384845,1.000000,131,0
698,jitter,0.3000,21350731,2.582655,0.362446,5.580205,0.049704,0.384845,1.000000,288,0
699,jitter,0.3000,21350732,2.589692,0.363433,5.659890,0.050822,0.384845,1.000000,255,0
700,jitter,0.3000,21350733,2.549068,0.357732,5.489389,0.049322,0.384845,1.000000,161,0
701,jitter,0.3000,21350734,2.584117,0.362651,5.614095,0.050343,0.384845,1.000000,202,0
702,jitter,0.3000,21350735,2.577115,0.361668,5.608649,0.050167,0.384845,1.000000,158,0
703,jitter,0.3000,21350736,2.562709,0.359646,5.586993,0.049833,0.384845,1.000000,140,0
704,jitter,0.3000,21350737,2.582676,0.362448,5.603375,0.049024,0.384845,1.000000,177,0
705,jitter,0.3000,21350738,2.586563,0.362994,5.671581,0.050638,0.384845,1.000000,134,0
706,jitter,0.3000,21350739,2.551163,0.358026,5.447748,0.048741,0.384845,1.000000,259,0
707,jitter,0.3000,21350740,2.568230,0.360421,5.596643,0.050777,0.384845,1.000000,184,0
708,jitter,0.3000,21350741,2.577371,0.361704,5.587110,0.049808,0.384845,1.000000,239,0
709,jitter,0.3000,21350742,2.588421,0.363255,5.620994,0.049873,0.384845,1.000000,62,0
710,jitter,0.3000,21350743,2.589859,0.363457,5.608578,0.050299,0.384845,1.000000,165,0
711,jitter,0.3000,21350744,2.579020,0.361935,5.605622,0.049881,0.384845,1.000000,179,0
712,jitter,0.3000,21350745,2.585064,0.362784,5.607914,0.050247,0.384845,1.000000,137,0
713,jitter,0.3000,21350746,2.561463,0.359472,5.550567,0.049597,0.384845,1.000000,203,0
714,jitter,0.3000,21350747,2.595641,0.364268,5.650177,0.050694,0.384845,1.000000,166,0
715,jitter,0.3000,21350748,2.568988,0.360528,5.571154,0.050247,0.384845,1.000000,254,0
716,jitter,0.3000,21350749,2.570708,0.360769,5.511092,0.049071,0.384845,1.000000,109,0
717,jitter,0.3000,21350750,2.584713,0.362734,5.573016,0.049374,0.384845,1.000000,375,0
719,jitter,0.3000,21350752,2.556402,0.358761,5.479415,0.048670,0.384845,1.000000,349,0
720,jitter,0.3000,21350753,2.579245,0.361967,5.587093,0.050498,0.384845,1.000000,128,0
721,jitter,0.3000,21350754,2.580416,0.362131,5.590368,0.050046,0.384845,1.000000,147,0
722,jitter,0.3000,21350755,2.559287,0.359166,5.557235,0.050476,0.384845,1.000000,178,0
723,jitter,0.3000,21350756,2.581765,0.362321,5.679945,0.050742,0.384845,1.000000,143,0
724,jitter,0.3000,21350757,2.583376,0.362547,5.627811,0.050384,0.384845,1.000000,99,0
725,jitter,0.3000,21350758,2.572212,0.360980,5.548364,0.050104,0.384845,1.000000,193,0
726,jitter,0.3000,21350759,2.570919,0.360799,5.529133,0.049232,0.384845,1.000000,90,0
728,jitter,0.3000,21350761,2.573134,0.361109,5.552974,0.049957,0.384845,1.000000,150,0
729,jitter,0.3000,21350762,2.588093,0.363209,5.612048,0.049910,0.384845,1.000000,131,0
730,jitter,0.3000,21350763,2.582122,0.362371,5.599853,0.050044,0.384845,1.000000,259,0
731,jitter,0.3000,21350764,2.574525,0.361305,5.571357,0.049815,0.384845,1.000000,88,0
732,jitter,0.3000,21350765,2.566940,0.360240,5.604961,0.049699,0.384845,1.000000,226,0
733,jitter,0.3000,21350766,2.591185,0.363643,5.661072,0.050093,0.384845,1.000000,162,0
734,jitter,0.3000,21350767,2.568940,0.360521,5.563363,0.050000,0.384845,1.000000,107,0
735,jitter,0.3000,21350768,2.567220,0.360279,5.507858,0.049273,0.384845,1.000000,365,0
736,jitter,0.3000,21350769,2.575673,0.361466,5.594742,0.049734,0.384845,1.000000,249,0
737,jitter,0.3000,21350770,2.572424,0.361010,5.596895,0.049711,0.384845,1.000000,71,0
738,jitter,0.3000,21350771,2.574528,0.361305,5.563093,0.050090,0.384845,1.000000,149,0
739,jitter,0.3000,21350772,2.591213,0.363647,5.622284,0.050429,0.384845,1.000000,77,0
740,jitter,0.3000,21350773,2.565099,0.359982,5.528812,0.050155,0.384845,1.000000,91,0
741,jitter,0.3000,21350774,2.571694,0.360907,5.557912,0.049275,0.384845,1.000000,183,0
742,jitter,0.3000,21350775,2.599690,0.364836,5.712779,0.050988,0.384845,1.000000,157,0
743,jitter,0.3000,21350776,2.566163,0.360131,5.556164,0.049871,0.384845,1.000000,95,0
745,jitter,0.3000,21350778,2.581346,0.362262,5.585394,0.049567,0.384845,1.000000,146,0
746,jitter,0.3000,21350779,2.562444,0.359609,5.473780,0.049252,0.384845,1.000000,160,0
747,jitter,0.3000,21350780,2.568663,0.360482,5.600525,0.050231,0.384845,1.000000,169,0
748,jitter,0.3000,21350781,2.574011,0.361233,5.595470,0.049547,0.384845,1.000000,76,0
749,jitter,0.3000,21350782,2.592211,0.363787,5.674711,0.049858,0.384845,1.000000,149,0
750,jitter,0.3000,21350783,2.581028,0.362217,5.642296,0.049911,0.384845,1.000000,322,0
827,radius,0.0400,22270710,2.514274,0.352849,4.917793,0.039703,0.384845,0.997997,0,0
835,radius,0.0400,22270718,2.506844,0.351806,4.845357,0.039183,0.384845,0.991906,0,0
845,radius,0.0400,22270728,2.507823,0.351944,4.848158,0.039509,0.384845,0.997897,0,0
847,radius,0.0400,22270730,2.523066,0.354083,4.940374,0.040332,0.384845,1.002510,0,0
850,radius,0.0400,22270733,2.508616,0.352055,4.842432,0.039172,0.384845,0.997447,0,0
853,radius,0.0400,22270736,2.509750,0.352214,4.842701,0.038818,0.384845,0.996927,0,0
854,radius,0.0400,22270737,2.517441,0.353294,4.873381,0.039438,0.384845,0.990464,0,0
859,radius,0.0400,22270742,2.514740,0.352914,4.945688,0.040264,0.384845,1.004949,0,0
864,radius,0.0400,22270747,2.510940,0.352381,4.861747,0.038968,0.384845,0.996509,0,0
866,radius,0.0400,22270749,2.504648,0.351498,4.866856,0.038981,0.384845,1.003347,0,0
867,radius,0.0400,22270750,2.518778,0.353481,4.903194,0.039274,0.384845,1.003524,0,0
873,radius,0.0400,22270756,2.506699,0.351786,4.863638,0.039048,0.384845,0.996883,0,0
874,radius,0.0400,22270757,2.511710,0.352489,4.876437,0.039599,0.384845,0.995766,0,0
875,radius,0.0400,22270758,2.504523,0.351481,4.811464,0.038739,0.384845,0.996029,0,0
878,radius,0.0400,22270761,2.514998,0.352951,4.902305,0.040056,0.384845,0.999449,0,0
886,radius,0.0400,22270769,2.514465,0.352876,4.882080,0.039707,0.384845,0.998229,0,0
888,radius,0.0400,22270771,2.502951,0.351260,4.865992,0.038320,0.384845,0.999614,0,0
891,radius,0.0400,22270774,2.506691,0.351785,4.883470,0.039335,0.384845,0.999690,0,0
894,radius,0.0400,22270777,2.527060,0.354643,4.991018,0.040553,0.384845,1.002925,0,0
897,radius,0.0400,22270780,2.530382,0.355110,4.968067,0.040269,0.384845,0.998854,0,0
899,radius,0.0400,22270782,2.515138,0.352970,4.866772,0.038974,0.384845,0.998413,0,0
901,radius,0.0600,22280709,2.540492,0.356528,5.007061,0.040739,0.384845,0.994585,0,0
902,radius,0.0600,22280710,2.526768,0.354602,5.039098,0.040729,0.384845,1.007142,0,0
905,radius,0.0600,22280713,2.535664,0.355851,5.002097,0.040484,0.384845,0.995333,0,0
906,radius,0.0600,22280714,2.525548,0.354431,5.012497,0.040806,0.384845,0.997427,0,0
911,radius,0.0600,22280719,2.551060,0.358012,5.179444,0.041659,0.384845,1.000375,0,0
918,radius,0.0600,22280726,2.557762,0.358952,5.185126,0.042107,0.384845,0.999731,0,0
919,radius,0.0600,22280727,2.540330,0.356506,5.089551,0.041513,0.384845,1.007687,0,0
920,radius,0.0600,22280728,2.542150,0.356761,5.073023,0.041083,0.384845,1.005635,0,0
925,radius,0.0600,22280733,2.540878,0.356583,5.043832,0.041091,0.384845,1.001513,0,0
926,radius,0.0600,22280734,2.532153,0.355358,5.032698,0.041179,0.384845,1.000742,0,0
927,radius,0.0600,22280735,2.552427,0.358203,5.128941,0.041857,0.384845,0.995418,0,0
930,radius,0.0600,22280738,2.527439,0.354697,4.958657,0.040495,0.384845,0.993445,0,0
934,radius,0.0600,22280742,2.538580,0.356260,5.011241,0.040662,0.384845,1.001768,0,0
937,radius,0.0600,22280745,2.539497,0.356389,5.022411,0.040741,0.384845,0.998118,0,0
939,radius,0.0600,22280747,2.530037,0.355061,4.990730,0.040229,0.384845,1.002263,0,0
945,radius,0.0600,22280753,2.548125,0.357600,5.108770,0.041129,0.384845,1.002559,0,0
953,radius,0.0600,22280761,2.538180,0.356204,5.099233,0.040852,0.384845,1.001308,0,0
954,radius,0.0600,22280762,2.537540,0.356114,5.072373,0.040894,0.384845,1.003293,0,0
957,radius,0.0600,22280765,2.523883,0.354198,4.945381,0.039567,0.384845,0.996246,0,0
963,radius,0.0600,22280771,2.535039,0.355763,5.089893,0.041200,0.384845,1.006631,0,0
968,radius,0.0600,22280776,2.521333,0.353840,4.961955,0.039958,0.384845,1.004525,0,0
970,radius,0.0600,22280778,2.534799,0.355730,5.036164,0.040645,0.384845,0.999486,0,0
972,radius,0.0600,22280780,2.549438,0.357784,5.176347,0.041780,0.384845,1.007504,0,0
973,radius,0.0600,22280781,2.531339,0.355244,5.043231,0.040389,0.384845,1.003698,0,0
975,radius,0.0600,22280783,2.546202,0.357330,5.087128,0.041322,0.384845,1.000656,0,0
976,radius,0.0800,22290709,2.551372,0.358055,5.124599,0.041966,0.384845,0.989474,0,0
977,radius,0.0800,22290710,2.573788,0.361201,5.255226,0.042911,0.384845,1.003360,0,0
979,radius,0.0800,22290712,2.537597,0.356122,5.021231,0.041132,0.384845,1.000161,0,0
980,radius,0.0800,22290713,2.556173,0.358729,5.191325,0.042729,0.384845,0.998204,0,0
981,radius,0.0800,22290714,2.580307,0.362116,5.294195,0.043892,0.384845,1.006896,0,0
984,radius,0.0800,22290717,2.541937,0.356731,5.110242,0.041324,0.384845,0.997982,0,0
985,radius,0.0800,22290718,2.567825,0.360364,5.137555,0.041942,0.384845,1.000856,0,0
986,radius,0.0800,22290719,2.539004,0.356320,5.051400,0.041205,0.384845,0.994035,0,0
987,radius,0.0800,22290720,2.551008,0.358004,5.131617,0.042006,0.384845,0.997705,0,0
988,radius,0.0800,22290721,2.559436,0.359187,5.269482,0.043197,0.384845,0.998179,0,0
989,radius,0.0800,22290722,2.552848,0.358262,5.156847,0.042304,0.384845,1.000434,0,0
990,radius,0.0800,22290723,2.548435,0.357643,5.136443,0.042234,0.384845,0.995100,0,0
991,radius,0.0800,22290724,2.551197,0.358031,5.148224,0.042716,0.384845,0.996538,0,0
992,radius,0.0800,22290725,2.558084,0.358997,5.170741,0.042699,0.384845,1.002390,0,0
993,radius,0.0800,22290726,2.545605,0.357246,5.114066,0.041558,0.384845,1.001248,0,0
995,radius,0.0800,22290728,2.566331,0.360155,5.300188,0.043637,0.384845,0.998668,0,0
996,radius,0.0800,22290729,2.575939,0.361503,5.307050,0.043358,0.384845,0.996724,0,0
997,radius,0.0800,22290730,2.552084,0.358155,5.212345,0.042656,0.384845,0.999556,0,0
998,radius,0.0800,22290731,2.544914,0.357149,5.206436,0.042428,0.384845,0.996115,0,0
1000,radius,0.0800,22290733,2.558276,0.359024,5.130534,0.042093,0.384845,0.999989,0,0
1001,radius,0.0800,22290734,2.554540,0.358500,5.197201,0.042155,0.384845,0.996325,0,0
1002,radius,0.0800,22290735,2.562841,0.359665,5.191380,0.042482,0.384845,1.010642,0,0
1003,radius,0.0800,22290736,2.567550,0.360326,5.278124,0.043359,0.384845,0.998017,0,0
1005,radius,0.0800,22290738,2.565260,0.360004,5.256570,0.042684,0.384845,0.991039,0,0
1007,radius,0.0800,22290740,2.554885,0.358548,5.085824,0.041660,0.384845,0.991520,0,0
1008,radius,0.0800,22290741,2.548169,0.357606,5.113754,0.041839,0.384845,1.003925,0,0
1009,radius,0.0800,22290742,2.550858,0.357983,5.199932,0.042685,0.384845,0.999621,0,0
1010,radius,0.0800,22290743,2.550973,0.357999,5.111766,0.041788,0.384845,0.993303,0,0
1011,radius,0.0800,22290744,2.560541,0.359342,5.173138,0.042034,0.384845,1.003320,0,0
1013,radius,0.0800,22290746,2.551767,0.358111,5.219311,0.042569,0.384845,1.010238,0,0
1014,radius,0.0800,22290747,2.549513,0.357794,5.219347,0.043116,0.384845,0.997839,0,0
1017,radius,0.0800,22290750,2.552622,0.358231,5.213566,0.042858,0.384845,1.004397,0,0
1018,radius,0.0800,22290751,2.558622,0.359073,5.243874,0.043211,0.384845,0.997681,0,0
1019,radius,0.0800,22290752,2.565996,0.360108,5.188525,0.042769,0.384845,1.000830,0,0
1020,radius,0.0800,22290753,2.566156,0.360130,5.218404,0.043014,0.384845,0.987436,0,0
1021,radius,0.0800,22290754,2.565668,0.360062,5.202053,0.042929,0.384845,1.001255,0,0
1022,radius,0.0800,22290755,2.547856,0.357562,5.101821,0.041282,0.384845,1.000903,0,0
1023,radius,0.0800,22290756,2.568180,0.360414,5.227602,0.042790,0.384845,1.005210,0,0
1024,radius,0.0800,22290757,2.554074,0.358435,5.168846,0.042130,0.384845,1.015187,0,0
1025,radius,0.0800,22290758,2.546144,0.357322,5.129531,0.041399,0.384845,1.006967,0,0
1027,radius,0.0800,22290760,2.552196,0.358171,5.114410,0.041914,0.384845,1.005982,0,0
1028,radius,0.0800,22290761,2.543751,0.356986,5.060513,0.041647,0.384845,1.007102,0,0
1029,radius,0.0800,22290762,2.560521,0.359339,5.182845,0.042226,0.384845,1.008456,0,0
1030,radius,0.0800,22290763,2.549867,0.357844,5.273277,0.043003,0.384845,1.017206,0,0
1031,radius,0.0800,22290764,2.551891,0.358128,5.147105,0.041746,0.384845,1.002564,0,0
1032,radius,0.0800,22290765,2.553720,0.358385,5.118127,0.041874,0.384845,0.998392,0,0
1033,radius,0.0800,22290766,2.554053,0.358432,5.127070,0.042039,0.384845,1.008821,0,0
1034,radius,0.0800,22290767,2.563072,0.359697,5.218575,0.042658,0.384845,1.000393,0,0
1035,radius,0.0800,22290768,2.548459,0.357647,5.174822,0.042323,0.384845,1.002919,0,0
1037,radius,0.0800,22290770,2.556633,0.358794,5.135637,0.042753,0.384845,0.993208,0,0
1039,radius,0.0800,22290772,2.558003,0.358986,5.195501,0.042745,0.384845,0.992392,0,0
1041,radius,0.0800,22290774,2.573440,0.361152,5.166606,0.042996,0.384845,1.001432,0,0
1042,radius,0.0800,22290775,2.546567,0.357381,5.159589,0.041510,0.384845,0.995180,0,0
1043,radius,0.0800,22290776,2.568856,0.360509,5.254030,0.042951,0.384845,0.999262,0,0
1044,radius,0.0800,22290777,2.563042,0.359693,5.202776,0.043072,0.384845,0.997769,0,0
1045,radius,0.0800,22290778,2.543650,0.356972,5.112008,0.041818,0.384845,1.014996,0,0
1046,radius,0.0800,22290779,2.548742,0.357686,5.130804,0.042168,0.384845,0.995005,0,0
1047,radius,0.0800,22290780,2.557015,0.358847,5.113269,0.041972,0.384845,0.979921,0,0
1049,radius,0.0800,22290782,2.559355,0.359176,5.238301,0.043524,0.384845,1.000385,0,0
1050,radius,0.0800,22290783,2.563301,0.359729,5.205582,0.043119,0.384845,1.006014,0,0
1051,radius,0.1000,22300709,2.569872,0.360652,5.254568,0.043121,0.384845,1.001113,0,0
1052,radius,0.1000,22300710,2.585940,0.362907,5.377298,0.044631,0.384845,0.993256,0,0
1053,radius,0.1000,22300711,2.589164,0.363359,5.355302,0.044492,0.384845,0.998291,0,0
1054,radius,0.1000,22300712,2.561515,0.359479,5.202072,0.043159,0.384845,0.993951,0,0
1055,radius,0.1000,22300713,2.575251,0.361407,5.302393,0.043970,0.384845,0.998593,0,0
1057,radius,0.1000,22300715,2.574857,0.361351,5.302757,0.043194,0.384845,0.998366,0,0
1058,radius,0.1000,22300716,2.585274,0.362813,5.385162,0.044303,0.384845,1.003130,0,0
1059,radius,0.1000,22300717,2.562746,0.359652,5.211106,0.042355,0.384845,1.001498,0,0
1060,radius,0.1000,22300718,2.559836,0.359243,5.163256,0.042483,0.384845,1.010591,0,0
1061,radius,0.1000,22300719,2.567676,0.360343,5.355853,0.044027,0.384845,1.006482,0,0
1063,radius,0.1000,22300721,2.562896,0.359673,5.214581,0.042692,0.384845,1.005443,0,0
1064,radius,0.1000,22300722,2.563598,0.359771,5.220251,0.042602,0.384845,0.998561,0,0
1065,radius,0.1000,22300723,2.582049,0.362361,5.316883,0.044241,0.384845,0.989929,0,0
1066,radius,0.1000,22300724,2.564229,0.359860,5.203970,0.042780,0.384845,0.992105,0,0
1068,radius,0.1000,22300726,2.577398,0.361708,5.294349,0.043248,0.384845,1.015388,0,0
1069,radius,0.1000,22300727,2.565863,0.360089,5.294815,0.042818,0.384845,1.001943,0,0
1070,radius,0.1000,22300728,2.569978,0.360667,5.284934,0.043686,0.384845,0.994760,0,0
1071,radius,0.1000,22300729,2.580506,0.362144,5.300937,0.043737,0.384845,0.997613,0,0
1072,radius,0.1000,22300730,2.561111,0.359422,5.208984,0.042724,0.384845,0.988454,0,0
1073,radius,0.1000,22300731,2.566862,0.360229,5.242466,0.043119,0.384845,0.970530,0,0
1074,radius,0.1000,22300732,2.562990,0.359686,5.199067,0.042784,0.384845,1.001166,0,0
1075,radius,0.1000,22300733,2.570478,0.360737,5.210306,0.043083,0.384845,0.985301,0,0
1076,radius,0.1000,22300734,2.558665,0.359079,5.184674,0.042787,0.384845,0.981957,0,0
1077,radius,0.1000,22300735,2.569800,0.360641,5.266485,0.044022,0.384845,0.999459,0,0
1078,radius,0.1000,22300736,2.564717,0.359928,5.193046,0.042572,0.384845,0.996649,0,0
1079,radius,0.1000,22300737,2.559778,0.359235,5.178962,0.042569,0.384845,1.008457,0,0
1080,radius,0.1000,22300738,2.573163,0.361113,5.281610,0.043428,0.384845,1.002369,0,0
1081,radius,0.1000,22300739,2.577459,0.361716,5.358792,0.044128,0.384845,1.011471,0,0
1082,radius,0.1000,22300740,2.555487,0.358633,5.209183,0.042770,0.384845,0.988241,0,0
1083,radius,0.1000,22300741,2.583671,0.362588,5.382367,0.043997,0.384845,1.006327,0,0
1085,radius,0.1000,22300743,2.588414,0.363254,5.367731,0.044920,0.384845,0.999565,0,0
1086,radius,0.1000,22300744,2.570181,0.360695,5.279606,0.043670,0.384845,0.991813,0,0
1087,radius,0.1000,22300745,2.559802,0.359238,5.316325,0.043258,0.384845,1.005646,0,0
1088,radius,0.1000,22300746,2.573489,0.361159,5.263584,0.043583,0.384845,0.996267,0,0
1089,radius,0.1000,22300747,2.572514,0.361022,5.291329,0.043021,0.384845,0.994932,0,0
1090,radius,0.1000,22300748,2.580381,0.362126,5.334279,0.044323,0.384845,0.993414,0,0
1092,radius,0.1000,22300750,2.574510,0.361302,5.346255,0.043620,0.384845,1.007134,0,0
1093,radius,0.1000,22300751,2.578784,0.361902,5.279068,0.043290,0.384845,0.993739,0,0
1094,radius,0.1000,22300752,2.580694,0.362170,5.317927,0.043838,0.384845,0.991518,0,0
1095,radius,0.1000,22300753,2.565573,0.360048,5.230678,0.042972,0.384845,1.012218,0,0
1096,radius,0.1000,22300754,2.574776,0.361340,5.284134,0.043097,0.384845,0.998210,0,0
1097,radius,0.1000,22300755,2.579865,0.362054,5.309396,0.043927,0.384845,0.992793,0,0
1098,radius,0.1000,22300756,2.589849,0.363455,5.420455,0.044831,0.384845,0.990671,0,0
1099,radius,0.1000,22300757,2.561960,0.359541,5.206890,0.042767,0.384845,0.997783,0,0
1100,radius,0.1000,22300758,2.594342,0.364086,5.399425,0.045266,0.384845,0.996267,0,0
1101,radius,0.1000,22300759,2.577741,0.361756,5.324218,0.044136,0.384845,0.987467,0,0
1102,radius,0.1000,22300760,2.554302,0.358467,5.187221,0.042563,0.384845,1.022989,0,0
1103,radius,0.1000,22300761,2.573170,0.361114,5.257449,0.043708,0.384845,0.985021,0,0
1104,radius,0.1000,22300762,2.593043,0.363903,5.365734,0.044699,0.384845,1.003727,0,0
1105,radius,0.1000,22300763,2.562493,0.359616,5.214887,0.042891,0.384845,0.990520,0,0
1106,radius,0.1000,22300764,2.572890,0.361075,5.308103,0.043892,0.384845,1.005824,0,0
1107,radius,0.1000,22300765,2.569388,0.360584,5.226150,0.043462,0.384845,0.985044,0,0
1108,radius,0.1000,22300766,2.568746,0.360494,5.214463,0.043309,0.384845,0.996054,0,0
1109,radius,0.1000,22300767,2.563277,0.359726,5.277941,0.042850,0.384845,0.996943,0,0
1110,radius,0.1000,22300768,2.601813,0.365134,5.502463,0.045651,0.384845,1.005635,0,0
1111,radius,0.1000,22300769,2.567283,0.360288,5.237344,0.043236,0.384845,1.005348,0,0
1112,radius,0.1000,22300770,2.575641,0.361461,5.274105,0.043431,0.384845,1.002751,0,0
1113,radius,0.1000,22300771,2.566773,0.360217,5.262783,0.043306,0.384845,0.990921,0,0
1114,radius,0.1000,22300772,2.572874,0.361073,5.287297,0.043725,0.384845,0.993011,0,0
1115,radius,0.1000,22300773,2.583395,0.362549,5.334599,0.044380,0.384845,1.007302,0,0
1116,radius,0.1000,22300774,2.566249,0.360143,5.261997,0.042727,0.384845,0.994754,0,0
1117,radius,0.1000,22300775,2.573015,0.361093,5.328707,0.043481,0.384845,0.999522,0,0
1118,radius,0.1000,22300776,2.564483,0.359895,5.221368,0.042778,0.384845,0.999599,0,0
1119,radius,0.1000,22300777,2.571019,0.360813,5.310546,0.043866,0.384845,0.997814,0,0
1120,radius,0.1000,22300778,2.567648,0.360340,5.193972,0.043015,0.384845,0.993165,0,0
1121,radius,0.1000,22300779,2.573984,0.361229,5.229543,0.043586,0.384845,1.005397,0,0
1122,radius,0.1000,22300780,2.563618,0.359774,5.237857,0.043067,0.384845,0.992981,0,0
1123,radius,0.1000,22300781,2.600278,0.364919,5.482721,0.045603,0.384845,1.003119,0,0
1124,radius,0.1000,22300782,2.582865,0.362475,5.327578,0.044121,0.384845,0.998188,0,0
1125,radius,0.1000,22300783,2.576071,0.361522,5.314579,0.043656,0.384845,0.999970,0,0
1126,radius,0.1250,22310709,2.573957,0.361225,5.237539,0.043235,0.384845,0.978076,0,0
1127,radius,0.1250,22310710,2.593571,0.363978,5.445446,0.045194,0.384845,0.984277,0,0
1128,radius,0.1250,22310711,2.598164,0.364622,5.436425,0.044837,0.384845,0.989233,0,0
1129,radius,0.1250,22310712,2.581489,0.362282,5.328022,0.044706,0.384845,0.996540,0,0
1130,radius,0.1250,22310713,2.585564,0.362854,5.396619,0.045300,0.384845,0.982342,0,0
1131,radius,0.1250,22310714,2.606604,0.365807,5.565149,0.046123,0.384845,1.002442,0,0
1132,radius,0.1250,22310715,2.579066,0.361942,5.270684,0.043796,0.384845,0.980746,0,0
1133,radius,0.1250,22310716,2.582968,0.362490,5.411837,0.044887,0.384845,0.995758,0,0
1134,radius,0.1250,22310717,2.594100,0.364052,5.421790,0.045328,0.384845,0.998112,0,0
1135,radius,0.1250,22310718,2.578621,0.361880,5.382447,0.044245,0.384845,0.997219,0,0
1136,radius,0.1250,22310719,2.583713,0.362594,5.484523,0.045104,0.384845,1.018894,0,0
1137,radius,0.1250,22310720,2.593659,0.363990,5.381220,0.044400,0.384845,1.009329,0,0
1138,radius,0.1250,22310721,2.570090,0.360682,5.279127,0.043929,0.384845,1.004450,0,0
1139,radius,0.1250,22310722,2.591222,0.363648,5.400400,0.044570,0.384845,1.005431,0,0
1140,radius,0.1250,22310723,2.585093,0.362788,5.390675,0.043841,0.384845,1.018464,0,0
1141,radius,0.1250,22310724,2.586357,0.362965,5.456144,0.044305,0.384845,0.995891,0,0
1142,radius,0.1250,22310725,2.584895,0.362760,5.369171,0.044696,0.384845,0.983984,0,0
1143,radius,0.1250,22310726,2.600788,0.364990,5.454671,0.045850,0.384845,0.985518,0,0
1144,radius,0.1250,22310727,2.612126,0.366582,5.629234,0.046257,0.384845,1.005324,0,0
1145,radius,0.1250,22310728,2.583813,0.362608,5.382911,0.044747,0.384845,0.992569,0,0
1146,radius,0.1250,22310729,2.587515,0.363128,5.391072,0.044258,0.384845,0.997331,0,0
1147,radius,0.1250,22310730,2.587868,0.363177,5.383864,0.044213,0.384845,0.980765,0,0
1148,radius,0.1250,22310731,2.602307,0.365203,5.488900,0.046091,0.384845,1.019664,0,0
1149,radius,0.1250,22310732,2.598215,0.364629,5.461234,0.045237,0.384845,1.006063,0,0
1150,radius,0.1250,22310733,2.603379,0.365354,5.551687,0.046596,0.384845,1.016569,0,0
1151,radius,0.1250,22310734,2.594296,0.364079,5.423612,0.044671,0.384845,1.002247,0,0
1152,radius,0.1250,22310735,2.585085,0.362787,5.377540,0.043892,0.384845,0.997133,0,0
1153,radius,0.1250,22310736,2.608695,0.366100,5.534501,0.047047,0.384845,0.991055,0,0
1154,radius,0.1250,22310737,2.597885,0.364583,5.428108,0.045336,0.384845,0.983870,0,0
1155,radius,0.1250,22310738,2.600129,0.364898,5.521158,0.046188,0.384845,0.980944,0,0
1156,radius,0.1250,22310739,2.603027,0.365305,5.496644,0.046144,0.384845,0.993546,0,0
1157,radius,0.1250,22310740,2.570744,0.360774,5.251108,0.043018,0.384845,0.997382,0,0
1158,radius,0.1250,22310741,2.588048,0.363202,5.364645,0.044488,0.384845,0.984080,0,0
1159,radius,0.1250,22310742,2.597833,0.364576,5.518970,0.045758,0.384845,1.003763,0,0
1160,radius,0.1250,22310743,2.589269,0.363374,5.414475,0.045208,0.384845,1.001308,0,0
1161,radius,0.1250,22310744,2.603741,0.365405,5.514294,0.045457,0.384845,0.996008,0,0
1162,radius,0.1250,22310745,2.586169,0.362939,5.381119,0.044417,0.384845,0.995354,0,0
1163,radius,0.1250,22310746,2.574931,0.361362,5.274342,0.043482,0.384845,0.999558,0,0
1164,radius,0.1250,22310747,2.605264,0.365619,5.538991,0.046642,0.384845,1.015331,0,0
1165,radius,0.1250,22310748,2.578853,0.361912,5.319104,0.043246,0.384845,1.003904,0,0
1166,radius,0.1250,22310749,2.592220,0.363788,5.409402,0.044594,0.384845,1.001966,0,0
1167,radius,0.1250,22310750,2.590494,0.363546,5.427877,0.045170,0.384845,0.999350,0,0
1168,radius,0.1250,22310751,2.587845,0.363174,5.394875,0.045210,0.384845,0.982652,0,0
1169,radius,0.1250,22310752,2.573409,0.361148,5.304491,0.043868,0.384845,0.996690,0,0
1170,radius,0.1250,22310753,2.584970,0.362771,5.410424,0.044287,0.384845,0.988838,0,0
1171,radius,0.1250,22310754,2.580071,0.362083,5.290654,0.043669,0.384845,1.003260,0,0
1172,radius,0.1250,22310755,2.600010,0.364881,5.457585,0.045418,0.384845,0.992342,0,0
1173,radius,0.1250,22310756,2.587959,0.363190,5.403822,0.044399,0.384845,0.991460,0,0
1174,radius,0.1250,22310757,2.599912,0.364867,5.493119,0.045511,0.384845,1.012641,0,0
1175,radius,0.1250,22310758,2.607513,0.365934,5.502486,0.045944,0.384845,0.997041,0,0
1176,radius,0.1250,22310759,2.585072,0.362785,5.423925,0.045117,0.384845,0.989083,0,0
1177,radius,0.1250,22310760,2.570854,0.360789,5.256055,0.042938,0.384845,1.020375,0,0
1178,radius,0.1250,22310761,2.584257,0.362670,5.389363,0.044921,0.384845,0.984694,0,0
1179,radius,0.1250,22310762,2.590934,0.363607,5.475119,0.044899,0.384845,1.007020,0,0
1180,radius,0.1250,22310763,2.597787,0.364569,5.449940,0.045102,0.384845,1.004842,0,0
1181,radius,0.1250,22310764,2.578265,0.361830,5.303292,0.043845,0.384845,1.009584,0,0
1182,radius,0.1250,22310765,2.596779,0.364428,5.459963,0.044645,0.384845,1.033384,0,0
1183,radius,0.1250,22310766,2.592477,0.363824,5.468807,0.045390,0.384845,0.992113,0,0
1184,radius,0.1250,22310767,2.591521,0.363690,5.462125,0.045299,0.384845,1.003301,0,0
1185,radius,0.1250,22310768,2.603880,0.365424,5.493549,0.046281,0.384845,0.984110,0,0
1186,radius,0.1250,22310769,2.585018,0.362777,5.438658,0.044546,0.384845,1.009428,0,0
1187,radius,0.1250,22310770,2.597698,0.364557,5.413234,0.045149,0.384845,0.981012,0,0
1188,radius,0.1250,22310771,2.593260,0.363934,5.439314,0.044363,0.384845,1.005780,0,0
1189,radius,0.1250,22310772,2.607672,0.365956,5.554697,0.046015,0.384845,0.997609,0,0
1190,radius,0.1250,22310773,2.589283,0.363376,5.378341,0.044313,0.384845,0.998257,0,0
1191,radius,0.1250,22310774,2.580558,0.362151,5.383226,0.044236,0.384845,0.996326,0,0
1192,radius,0.1250,22310775,2.588096,0.363209,5.388106,0.044859,0.384845,1.000806,0,0
1193,radius,0.1250,22310776,2.603560,0.365379,5.483980,0.045831,0.384845,1.002679,0,0
1194,radius,0.1250,22310777,2.579813,0.362047,5.383284,0.044130,0.384845,0.997951,0,0
1195,radius,0.1250,22310778,2.581189,0.362240,5.352469,0.044058,0.384845,0.988065,0,0
1196,radius,0.1250,22310779,2.574394,0.361286,5.219854,0.043722,0.384845,0.957126,0,0
1197,radius,0.1250,22310780,2.585805,0.362888,5.443467,0.044814,0.384845,1.007644,0,0
1198,radius,0.1250,22310781,2.575391,0.361426,5.311781,0.043212,0.384845,1.003734,0,0
1199,radius,0.1250,22310782,2.584741,0.362738,5.424944,0.045109,0.384845,1.000691,0,0
1200,radius,0.1250,22310783,2.594324,0.364083,5.491054,0.045712,0.384845,0.995094,0,0
1201,radius,0.1500,22320709,2.612676,0.366659,5.598625,0.047894,0.384845,1.015683,0,0
1202,radius,0.1500,22320710,2.593337,0.363945,5.462935,0.045063,0.384845,1.001425,0,0
1203,radius,0.1500,22320711,2.611072,0.366434,5.580366,0.047186,0.384845,0.964839,0,0
1204,radius,0.1500,22320712,2.589276,0.363375,5.417992,0.044383,0.384845,0.983702,0,0
1205,radius,0.1500,22320713,2.598326,0.364645,5.518985,0.045801,0.384845,0.995494,0,0
1206,radius,0.1500,22320714,2.600936,0.365011,5.442618,0.046019,0.384845,0.975248,0,0
1207,radius,0.1500,22320715,2.589187,0.363362,5.466483,0.046150,0.384845,0.990036,0,0
1208,radius,0.1500,22320716,2.586025,0.362919,5.417234,0.045317,0.384845,1.006897,0,0
1209,radius,0.1500,22320717,2.606740,0.365826,5.606116,0.046659,0.384845,0.990234,0,0
1210,radius,0.1500,22320718,2.599308,0.364783,5.531559,0.045821,0.384845,1.005029,0,0
1211,radius,0.1500,22320719,2.589510,0.363408,5.438884,0.045014,0.384845,1.014442,0,0
1212,radius,0.1500,22320720,2.594655,0.364130,5.504127,0.046388,0.384845,1.005534,0,0
1213,radius,0.1500,22320721,2.599794,0.364851,5.481743,0.045316,0.384845,0.995086,0,0
1214,radius,0.1500,22320722,2.601101,0.365034,5.511144,0.045752,0.384845,0.997094,0,0
1215,radius,0.1500,22320723,2.617520,0.367338,5.681812,0.047664,0.384845,0.996592,0,0
1216,radius,0.1500,22320724,2.610390,0.366338,5.595681,0.046479,0.384845,1.008720,0,0
1217,radius,0.1500,22320725,2.608418,0.366061,5.633726,0.046261,0.384845,1.004451,0,0
1218,radius,0.1500,22320726,2.605560,0.365660,5.618491,0.046632,0.384845,1.000900,0,0
1219,radius,0.1500,22320727,2.615292,0.367026,5.602321,0.047119,0.384845,0.996752,0,0
1220,radius,0.1500,22320728,2.597016,0.364461,5.489030,0.045307,0.384845,0.992884,0,0
1221,radius,0.1500,22320729,2.596463,0.364383,5.602857,0.046381,0.384845,1.013725,0,0
1222,radius,0.1500,22320730,2.582059,0.362362,5.373395,0.044344,0.384845,1.013122,0,0
1223,radius,0.1500,22320731,2.590175,0.363501,5.514383,0.045774,0.384845,1.000581,0,0
1224,radius,0.1500,22320732,2.595033,0.364183,5.501860,0.046240,0.384845,0.997436,0,0
1225,radius,0.1500,22320733,2.603298,0.365343,5.559349,0.047268,0.384845,0.986611,0,0
1226,radius,0.1500,22320734,2.618782,0.367516,5.683445,0.047377,0.384845,0.996000,0,0
1227,radius,0.1500,22320735,2.595964,0.364313,5.531162,0.046300,0.384845,0.992412,0,0
1228,radius,0.1500,22320736,2.592402,0.363813,5.466321,0.045247,0.384845,0.987883,0,0
1229,radius,0.1500,22320737,2.579472,0.361999,5.332227,0.043869,0.384845,0.982386,0,0
1230,radius,0.1500,22320738,2.583040,0.362500,5.364912,0.044537,0.384845,0.981481,0,0
1231,radius,0.1500,22320739,2.614628,0.366933,5.685863,0.047692,0.384845,1.015054,0,0
1232,radius,0.1500,22320740,2.604456,0.365505,5.583403,0.046290,0.384845,0.986529,0,0
1233,radius,0.1500,22320741,2.589405,0.363393,5.448060,0.044925,0.384845,0.978367,0,0
1234,radius,0.1500,22320742,2.594685,0.364134,5.435432,0.044906,0.384845,0.988658,0,0
1235,radius,0.1500,22320743,2.613123,0.366721,5.637771,0.047385,0.384845,1.010530,0,0
1236,radius,0.1500,22320744,2.605657,0.365674,5.539394,0.046515,0.384845,0.967519,0,0
1237,radius,0.1500,22320745,2.604679,0.365536,5.572896,0.046103,0.384845,1.007324,0,0
1238,radius,0.1500,22320746,2.607079,0.365873,5.541636,0.045914,0.384845,1.003082,0,0
1239,radius,0.1500,22320747,2.595484,0.364246,5.500853,0.045959,0.384845,0.989420,0,0
1240,radius,0.1500,22320748,2.600256,0.364916,5.518624,0.046950,0.384845,0.984373,0,0
1241,radius,0.1500,22320749,2.604240,0.365475,5.583110,0.046736,0.384845,0.987615,0,0
1242,radius,0.1500,22320750,2.596790,0.364429,5.531986,0.046987,0.384845,0.982468,0,0
1243,radius,0.1500,22320751,2.596661,0.364411,5.418550,0.045222,0.384845,0.988791,0,0
1244,radius,0.1500,22320752,2.611545,0.366500,5.630372,0.046472,0.384845,0.994782,0,0
1245,radius,0.1500,22320753,2.597554,0.364536,5.503622,0.046130,0.384845,1.000617,0,0
1246,radius,0.1500,22320754,2.588785,0.363306,5.446691,0.045766,0.384845,1.003514,0,0
1247,radius,0.1500,22320755,2.578731,0.361895,5.372241,0.044987,0.384845,0.979055,0,0
1248,radius,0.1500,22320756,2.597831,0.364575,5.554458,0.044926,0.384845,1.002023,0,0
1249,radius,0.1500,22320757,2.604644,0.365532,5.576620,0.046597,0.384845,1.004586,0,0
1250,radius,0.1500,22320758,2.574713,0.361331,5.310816,0.043626,0.384845,0.981712,0,0
1251,radius,0.1500,22320759,2.599765,0.364847,5.517692,0.045316,0.384845,0.987839,0,0
1252,radius,0.1500,22320760,2.591502,0.363687,5.459653,0.046064,0.384845,0.994037,0,0
1253,radius,0.1500,22320761,2.608081,0.366014,5.618844,0.046548,0.384845,0.994198,0,0
1254,radius,0.1500,22320762,2.610685,0.366379,5.612684,0.046757,0.384845,0.997794,0,0
1255,radius,0.1500,22320763,2.603757,0.365407,5.564204,0.046002,0.384845,0.998361,0,0
1256,radius,0.1500,22320764,2.596159,0.364341,5.483682,0.045994,0.384845,1.009843,0,0
1257,radius,0.1500,22320765,2.591160,0.363639,5.434227,0.044499,0.384845,1.015451,0,0
1258,radius,0.1500,22320766,2.606337,0.365769,5.590758,0.046618,0.384845,0.995993,0,0
1259,radius,0.1500,22320767,2.620501,0.367757,5.669784,0.047706,0.384845,0.988386,0,0
1260,radius,0.1500,22320768,2.590706,0.363575,5.437362,0.044750,0.384845,0.970725,0,0
1261,radius,0.1500,22320769,2.606989,0.365861,5.503685,0.045939,0.384845,0.994016,0,0
1262,radius,0.1500,22320770,2.620408,0.367744,5.603086,0.047128,0.384845,0.983138,0,0
1263,radius,0.1500,22320771,2.595751,0.364283,5.505912,0.046576,0.384845,0.999132,0,0
1264,radius,0.1500,22320772,2.596676,0.364413,5.584881,0.045948,0.384845,1.019378,0,0
1265,radius,0.1500,22320773,2.604633,0.365530,5.578033,0.046246,0.384845,0.993293,0,0
1266,radius,0.1500,22320774,2.608142,0.366022,5.559505,0.046370,0.384845,1.016909,0,0
1267,radius,0.1500,22320775,2.587430,0.363116,5.443322,0.044621,0.384845,1.016256,0,0
1268,radius,0.1500,22320776,2.599432,0.364800,5.486912,0.045769,0.384845,0.991295,0,0
1269,radius,0.1500,22320777,2.596629,0.364407,5.529164,0.046715,0.384845,1.001112,0,0
1270,radius,0.1500,22320778,2.608524,0.366076,5.596292,0.045960,0.384845,0.991590,0,0
1271,radius,0.1500,22320779,2.590781,0.363586,5.491339,0.045199,0.384845,1.001516,0,0
1272,radius,0.1500,22320780,2.597425,0.364518,5.501526,0.046088,0.384845,0.981696,0,0
1273,radius,0.1500,22320781,2.607863,0.365983,5.530700,0.046201,0.384845,0.983232,0,0
1274,radius,0.1500,22320782,2.610804,0.366396,5.615967,0.046530,0.384845,1.004478,0,0
1275,radius,0.1500,22320783,2.609126,0.366160,5.539876,0.045911,0.384845,1.002546,0,0
1276,radius,0.2000,22330709,2.602546,0.365237,5.681148,0.048886,0.384845,0.968545,0,0
1277,radius,0.2000,22330710,2.587345,0.363104,5.550520,0.048347,0.384845,0.986822,0,0
1278,radius,0.2000,22330711,2.590014,0.363478,5.502456,0.046076,0.384845,0.974889,0,0
1279,radius,0.2000,22330712,2.586217,0.362945,5.444580,0.046057,0.384845,0.966845,0,0
1280,radius,0.2000,22330713,2.602822,0.365276,5.649697,0.049397,0.384845,0.999978,0,0
1281,radius,0.2000,22330714,2.602513,0.365232,5.510996,0.047888,0.384845,0.968080,0,0
1282,radius,0.2000,22330715,2.600224,0.364911,5.542430,0.047955,0.384845,0.949457,0,0
1283,radius,0.2000,22330716,2.600085,0.364892,5.595517,0.047804,0.384845,0.985286,0,0
1284,radius,0.2000,22330717,2.614934,0.366976,5.691323,0.048598,0.384845,0.988328,0,0
1285,radius,0.2000,22330718,2.610082,0.366295,5.664225,0.047720,0.384845,0.993443,0,0
1286,radius,0.2000,22330719,2.606144,0.365742,5.613297,0.046988,0.384845,1.022639,0,0
1287,radius,0.2000,22330720,2.593819,0.364012,5.531800,0.047734,0.384845,0.995591,0,0
1288,radius,0.2000,22330721,2.606423,0.365781,5.687521,0.047975,0.384845,0.991613,0,0
1289,radius,0.2000,22330722,2.598323,0.364644,5.549723,0.046883,0.384845,0.977194,0,0
1290,radius,0.2000,22330723,2.616695,0.367223,5.745628,0.049444,0.384845,0.988865,0,0
1291,radius,0.2000,22330724,2.604755,0.365547,5.683216,0.048846,0.384845,1.006640,0,0
1292,radius,0.2000,22330725,2.593792,0.364009,5.575169,0.047703,0.384845,0.991459,0,0
1293,radius,0.2000,22330726,2.599237,0.364773,5.600780,0.047620,0.384845,1.035793,0,0
1294,radius,0.2000,22330727,2.593459,0.363962,5.580109,0.048569,0.384845,0.993454,0,0
1295,radius,0.2000,22330728,2.603294,0.365342,5.670784,0.049178,0.384845,1.012177,0,0
1296,radius,0.2000,22330729,2.613019,0.366707,5.704534,0.048021,0.384845,0.982002,0,0
1297,radius,0.2000,22330730,2.611132,0.366442,5.632592,0.047862,0.384845,0.964333,0,0
1298,radius,0.2000,22330731,2.586283,0.362955,5.532027,0.047483,0.384845,0.970197,0,0
1299,radius,0.2000,22330732,2.600246,0.364914,5.621596,0.048440,0.384845,0.983029,0,0
1300,radius,0.2000,22330733,2.608157,0.366024,5.682270,0.048844,0.384845,0.993877,0,0
1301,radius,0.2000,22330734,2.602762,0.365267,5.616184,0.047967,0.384845,0.998114,0,0
1302,radius,0.2000,22330735,2.596942,0.364451,5.520317,0.046681,0.384845,1.011019,0,0
1303,radius,0.2000,22330736,2.600067,0.364889,5.598247,0.048400,0.384845,0.998747,0,0
1304,radius,0.2000,22330737,2.606946,0.365855,5.629954,0.047903,0.384845,1.009611,0,0
1305,radius,0.2000,22330738,2.601157,0.365042,5.659542,0.047733,0.384845,1.023723,0,0
1306,radius,0.2000,22330739,2.601582,0.365102,5.621332,0.048980,0.384845,0.978388,0,0
1307,radius,0.2000,22330740,2.615359,0.367035,5.703525,0.049275,0.384845,1.008192,0,0
1308,radius,0.2000,22330741,2.604106,0.365456,5.585869,0.047266,0.384845,1.024695,0,0
1309,radius,0.2000,22330742,2.600150,0.364901,5.579884,0.047337,0.384845,1.016086,0,0
1310,radius,0.2000,22330743,2.607768,0.365970,5.626946,0.047797,0.384845,0.999879,0,0
1311,radius,0.2000,22330744,2.599892,0.364865,5.600939,0.047663,0.384845,0.969302,0,0
1312,radius,0.2000,22330745,2.600344,0.364928,5.588755,0.048491,0.384845,1.014196,0,0
1313,radius,0.2000,22330746,2.609622,0.366230,5.686788,0.047969,0.384845,1.026393,0,0
1314,radius,0.2000,22330747,2.608665,0.366096,5.689478,0.048238,0.384845,0.964195,0,0
1315,radius,0.2000,22330748,2.598483,0.364667,5.644291,0.047701,0.384845,0.992316,0,0
1316,radius,0.2000,22330749,2.605729,0.365684,5.628063,0.048034,0.384845,0.995519,0,0
1317,radius,0.2000,22330750,2.605258,0.365618,5.604027,0.047018,0.384845,0.975990,0,0
1318,radius,0.2000,22330751,2.601017,0.365023,5.668610,0.047941,0.384845,0.992551,0,0
1319,radius,0.2000,22330752,2.611120,0.366440,5.600532,0.047461,0.384845,0.984142,0,0
1320,radius,0.2000,22330753,2.601608,0.365105,5.551760,0.046661,0.384845,0.977964,0,0
1321,radius,0.2000,22330754,2.598481,0.364667,5.589971,0.048336,0.384845,0.956782,0,0
1322,radius,0.2000,22330755,2.598452,0.364663,5.534229,0.046127,0.384845,0.982159,0,0
1323,radius,0.2000,22330756,2.618995,0.367545,5.743352,0.048961,0.384845,0.989239,0,0
1324,radius,0.2000,22330757,2.597344,0.364507,5.688904,0.049002,0.384845,0.983422,0,0
1325,radius,0.2000,22330758,2.611936,0.366555,5.689824,0.048462,0.384845,1.045806,0,0
1326,radius,0.2000,22330759,2.627785,0.368779,5.800157,0.049075,0.384845,0.992875,0,0
1327,radius,0.2000,22330760,2.595520,0.364251,5.564851,0.047282,0.384845,0.964633,0,0
1328,radius,0.2000,22330761,2.591757,0.363723,5.513718,0.047566,0.384845,0.967016,0,0
1329,radius,0.2000,22330762,2.613655,0.366796,5.650777,0.048573,0.384845,1.010268,0,0
1330,radius,0.2000,22330763,2.606973,0.365858,5.599892,0.046996,0.384845,0.973039,0,0
1331,radius,0.2000,22330764,2.607401,0.365918,5.600177,0.048494,0.384845,0.974047,0,0
1332,radius,0.2000,22330765,2.578726,0.361894,5.509192,0.047707,0.384845,0.987583,0,0
1333,radius,0.2000,22330766,2.599424,0.364799,5.653662,0.047392,0.384845,1.041255,0,0
1334,radius,0.2000,22330767,2.612751,0.366669,5.678965,0.047977,0.384845,1.006085,0,0
1335,radius,0.2000,22330768,2.615794,0.367096,5.712397,0.048462,0.384845,1.001498,0,0
1336,radius,0.2000,22330769,2.607756,0.365968,5.621329,0.048008,0.384845,0.994566,0,0
1337,radius,0.2000,22330770,2.602511,0.365232,5.647470,0.047273,0.384845,0.999491,0,0
1338,radius,0.2000,22330771,2.598740,0.364703,5.554318,0.047713,0.384845,0.986529,0,0
1339,radius,0.2000,22330772,2.600455,0.364944,5.638650,0.047567,0.384845,0.995090,0,0
1340,radius,0.2000,22330773,2.613069,0.366714,5.603968,0.047359,0.384845,0.973442,0,0
1341,radius,0.2000,22330774,2.593354,0.363947,5.553560,0.046332,0.384845,0.999565,0,0
1342,radius,0.2000,22330775,2.601913,0.365148,5.571593,0.047080,0.384845,0.962435,0,0
1343,radius,0.2000,22330776,2.605366,0.365633,5.622790,0.047145,0.384845,0.993242,0,0
1344,radius,0.2000,22330777,2.608779,0.366112,5.635257,0.048274,0.384845,0.991445,0,0
1345,radius,0.2000,22330778,2.583509,0.362565,5.508262,0.046661,0.384845,0.984638,0,0
1346,radius,0.2000,22330779,2.601145,0.365041,5.648024,0.047628,0.384845,1.007284,0,0
1347,radius,0.2000,22330780,2.625111,0.368404,5.764180,0.049302,0.384845,0.980058,0,0
1348,radius,0.2000,22330781,2.590994,0.363616,5.568417,0.046405,0.384845,1.010073,0,0
1349,radius,0.2000,22330782,2.606261,0.365758,5.662860,0.048760,0.384845,0.983438,0,0
1350,radius,0.2000,22330783,2.598462,0.364664,5.601887,0.046970,0.384845,0.985866,0,0
1351,radius,0.2500,22340709,2.585408,0.362832,5.705589,0.050000,0.384845,1.008434,0,0
1352,radius,0.2500,22340710,2.594289,0.364078,5.631871,0.047990,0.384845,0.961461,0,0
1353,radius,0.2500,22340711,2.596450,0.364381,5.641996,0.049805,0.384845,0.978327,0,0
1354,radius,0.2500,22340712,2.594175,0.364062,5.656913,0.049167,0.384845,0.998201,0,0
1355,radius,0.2500,22340713,2.589499,0.363406,5.649282,0.049298,0.384845,1.001418,0,0
1356,radius,0.2500,22340714,2.593084,0.363909,5.601082,0.048922,0.384845,0.964791,0,0
1357,radius,0.2500,22340715,2.588420,0.363255,5.645325,0.048730,0.384845,1.004978,0,0
1358,radius,0.2500,22340716,2.605822,0.365697,5.654107,0.049270,0.384845,1.001813,0,0
1359,radius,0.2500,22340717,2.606970,0.365858,5.698784,0.049623,0.384845,0.988193,0,0
1360,radius,0.2500,22340718,2.594841,0.364156,5.755739,0.050481,0.384845,1.005757,0,0
1361,radius,0.2500,22340719,2.580492,0.362142,5.541848,0.047333,0.384845,0.992953,0,0
1362,radius,0.2500,22340720,2.576972,0.361648,5.588765,0.048168,0.384845,0.994274,0,0
1363,radius,0.2500,22340721,2.600615,0.364966,5.726293,0.049333,0.384845,1.022539,0,0
1364,radius,0.2500,22340722,2.574113,0.361247,5.527038,0.048607,0.384845,0.975850,0,0
1365,radius,0.2500,22340723,2.600273,0.364918,5.741244,0.050571,0.384845,0.984090,0,0
1366,radius,0.2500,22340724,2.595566,0.364258,5.677380,0.049642,0.384845,1.005503,0,0
1367,radius,0.2500,22340725,2.596806,0.364431,5.617474,0.048903,0.384845,0.966897,0,0
1368,radius,0.2500,22340726,2.608840,0.366120,5.602371,0.046529,0.384845,0.947353,0,0
1369,radius,0.2500,22340727,2.604155,0.365463,5.656365,0.049376,0.384845,0.977618,0,0
1370,radius,0.2500,22340728,2.570512,0.360741,5.620871,0.050004,0.384845,0.998559,0,0
1371,radius,0.2500,22340729,2.568805,0.360502,5.514784,0.048338,0.384845,0.949506,0,0
1372,radius,0.2500,22340730,2.587617,0.363142,5.668186,0.049802,0.384845,0.973046,0,0
1373,radius,0.2500,22340731,2.585465,0.362840,5.650253,0.050130,0.384845,0.979855,0,0
1374,radius,0.2500,22340732,2.572553,0.361028,5.571744,0.047897,0.384845,1.002838,0,1
1375,radius,0.2500,22340733,2.593914,0.364026,5.656256,0.049640,0.384845,0.989341,0,0
1376,radius,0.2500,22340734,2.585048,0.362781,5.540132,0.047872,0.384845,0.999626,0,0
1377,radius,0.2500,22340735,2.590346,0.363525,5.607286,0.048775,0.384845,0.989091,0,0
1378,radius,0.2500,22340736,2.586795,0.363027,5.579290,0.049403,0.384845,0.952663,0,0
1379,radius,0.2500,22340737,2.584379,0.362688,5.651558,0.049173,0.384845,0.983933,0,0
1380,radius,0.2500,22340738,2.601404,0.365077,5.682072,0.049439,0.384845,0.959392,0,0
1381,radius,0.2500,22340739,2.579808,0.362046,5.544372,0.048532,0.384845,0.944761,0,0
1382,radius,0.2500,22340740,2.587655,0.363147,5.645898,0.049296,0.384845,0.990556,0,0
1383,radius,0.2500,22340741,2.584963,0.362769,5.639875,0.048541,0.384845,0.982341,0,0
1384,radius,0.2500,22340742,2.599846,0.364858,5.737414,0.049732,0.384845,1.027338,0,0
1385,radius,0.2500,22340743,2.610077,0.366294,5.743107,0.049657,0.384845,0.982889,0,0
1386,radius,0.2500,22340744,2.581746,0.362318,5.544080,0.047461,0.384845,0.979378,0,0
1387,radius,0.2500,22340745,2.579850,0.362052,5.626352,0.048644,0.384845,0.974952,0,0
1388,radius,0.2500,22340746,2.600719,0.364981,5.715538,0.049496,0.384845,0.983857,0,0
1389,radius,0.2500,22340747,2.596777,0.364428,5.667136,0.050228,0.384845,0.993819,0,0
1390,radius,0.2500,22340748,2.592532,0.363832,5.628535,0.049656,0.384845,0.968019,0,0
1391,radius,0.2500,22340749,2.584796,0.362746,5.668032,0.049312,0.384845,1.002418,0,0
1392,radius,0.2500,22340750,2.589945,0.363469,5.654554,0.048973,0.384845,1.003804,0,0
1393,radius,0.2500,22340751,2.581226,0.362245,5.626296,0.048256,0.384845,0.986117,0,0
1394,radius,0.2500,22340752,2.586584,0.362997,5.566372,0.048556,0.384845,0.971074,0,0
1395,radius,0.2500,22340753,2.595776,0.364287,5.591019,0.047751,0.384845,0.982277,0,0
1396,radius,0.2500,22340754,2.578526,0.361866,5.597295,0.048926,0.384845,0.987734,0,0
1397,radius,0.2500,22340755,2.589099,0.363350,5.641335,0.049697,0.384845,0.991938,0,0
1398,radius,0.2500,22340756,2.585207,0.362804,5.612694,0.049353,0.384845,0.989129,0,0
1399,radius,0.2500,22340757,2.610653,0.366375,5.727183,0.048923,0.384845,1.007888,0,0
1400,radius,0.2500,22340758,2.583028,0.362498,5.603367,0.049203,0.384845,1.008526,0,0
1401,radius,0.2500,22340759,2.579974,0.362069,5.656150,0.049386,0.384845,1.005473,0,0
1402,radius,0.2500,22340760,2.592120,0.363774,5.525585,0.046419,0.384845,0.952623,0,0
1403,radius,0.2500,22340761,2.591148,0.363637,5.650683,0.048980,0.384845,1.006205,0,0
1404,radius,0.2500,22340762,2.590972,0.363613,5.661974,0.049410,0.384845,0.983984,0,0
1405,radius,0.2500,22340763,2.583373,0.362546,5.506960,0.048653,0.384845,0.972473,0,0
1406,radius,0.2500,22340764,2.581448,0.362276,5.631273,0.049252,0.384845,0.999954,0,0
1407,radius,0.2500,22340765,2.586522,0.362988,5.599958,0.048815,0.384845,0.973551,0,0
1408,radius,0.2500,22340766,2.587186,0.363082,5.659677,0.048412,0.384845,0.981288,0,0
1409,radius,0.2500,22340767,2.591323,0.363662,5.644962,0.049017,0.384845,0.952828,0,0
1410,radius,0.2500,22340768,2.576002,0.361512,5.610494,0.049741,0.384845,0.980256,0,0
1411,radius,0.2500,22340769,2.588802,0.363308,5.701327,0.050076,0.384845,1.017077,0,0
1412,radius,0.2500,22340770,2.578589,0.361875,5.630555,0.048681,0.384845,1.013969,0,0
1413,radius,0.2500,22340771,2.594900,0.364164,5.685244,0.049515,0.384845,1.011941,0,0
1414,radius,0.2500,22340772,2.593865,0.364019,5.666363,0.049053,0.384845,1.008396,0,0
1415,radius,0.2500,22340773,2.583512,0.362566,5.607696,0.048357,0.384845,0.995609,0,0
1416,radius,0.2500,22340774,2.588927,0.363326,5.675896,0.049260,0.384845,0.979021,0,0
1417,radius,0.2500,22340775,2.594369,0.364090,5.628387,0.047837,0.384845,0.972941,0,0
1418,radius,0.2500,22340776,2.584876,0.362757,5.605525,0.048343,0.384845,0.986671,0,0
1419,radius,0.2500,22340777,2.598579,0.364680,5.646331,0.048457,0.384845,0.988178,0,0
1420,radius,0.2500,22340778,2.599573,0.364820,5.715821,0.049521,0.384845,0.995877,0,0
1421,radius,0.2500,22340779,2.569733,0.360632,5.590336,0.049284,0.384845,0.997780,0,0
1422,radius,0.2500,22340780,2.600685,0.364976,5.686313,0.048354,0.384845,0.998410,0,0
1423,radius,0.2500,22340781,2.586847,0.363034,5.667754,0.049809,0.384845,1.010494,0,0
1424,radius,0.2500,22340782,2.592310,0.363801,5.719809,0.049752,0.384845,1.024619,0,0
1425,radius,0.2500,22340783,2.567643,0.360339,5.491334,0.047890,0.384845,1.009462,0,0
1426,radius,0.3000,22350709,2.545995,0.357301,5.573969,0.050621,0.384845,0.999872,0,0
1427,radius,0.3000,22350710,2.568904,0.360516,5.592626,0.048898,0.384845,0.980109,0,0
1428,radius,0.3000,22350711,2.572527,0.361024,5.634276,0.049825,0.384845,0.994803,0,0
1429,radius,0.3000,22350712,2.576873,0.361634,5.644315,0.050207,0.384845,0.966712,0,0
1430,radius,0.3000,22350713,2.572230,0.360983,5.643824,0.050524,0.384845,0.993927,0,0
1431,radius,0.3000,22350714,2.565607,0.360053,5.615589,0.049979,0.384845,0.968621,0,1
1432,radius,0.3000,22350715,2.577022,0.361655,5.613583,0.048456,0.384845,0.993207,0,0
1433,radius,0.3000,22350716,2.531338,0.355244,5.410191,0.048984,0.384845,0.985338,0,1
1434,radius,0.3000,22350717,2.569090,0.360542,5.668465,0.050265,0.384845,1.026483,0,0
1435,radius,0.3000,22350718,2.571666,0.360903,5.590640,0.049690,0.384845,0.987362,0,0
1436,radius,0.3000,22350719,2.534741,0.355721,5.428129,0.048949,0.384845,0.984612,0,0
1437,radius,0.3000,22350720,2.573034,0.361095,5.629549,0.048438,0.384845,0.944759,0,0
1438,radius,0.3000,22350721,2.573422,0.361150,5.665580,0.048972,0.384845,0.991737,0,0
1439,radius,0.3000,22350722,2.567347,0.360297,5.616826,0.050654,0.384845,0.988420,0,0
1440,radius,0.3000,22350723,2.559150,0.359147,5.549394,0.049360,0.384845,0.946564,0,0
1441,radius,0.3000,22350724,2.583594,0.362577,5.622218,0.049837,0.384845,0.931732,0,0
1442,radius,0.3000,22350725,2.577249,0.361687,5.678806,0.050432,0.384845,0.973985,0,0
1443,radius,0.3000,22350726,2.559103,0.359140,5.578833,0.049885,0.384845,0.996512,0,0
1444,radius,0.3000,22350727,2.572025,0.360954,5.657956,0.050438,0.384845,0.984241,0,0
1445,radius,0.3000,22350728,2.572266,0.360988,5.588903,0.049056,0.384845,0.991837,0,0
1446,radius,0.3000,22350729,2.569024,0.360533,5.577348,0.049186,0.384845,0.977715,0,0
1447,radius,0.3000,22350730,2.598110,0.364615,5.688895,0.049884,0.384845,0.986694,0,0
1448,radius,0.3000,22350731,2.554052,0.358431,5.549896,0.049969,0.384845,0.994701,0,1
1449,radius,0.3000,22350732,2.569120,0.360546,5.634549,0.050237,0.384845,0.982814,0,1
1450,radius,0.3000,22350733,2.566299,0.360150,5.517962,0.049574,0.384845,0.959514,0,0
1452,radius,0.3000,22350735,2.576450,0.361575,5.661149,0.050306,0.384845,0.984235,0,0
1453,radius,0.3000,22350736,2.554966,0.358560,5.599131,0.050000,0.384845,0.986133,0,0
1454,radius,0.3000,22350737,2.567365,0.360300,5.509087,0.047945,0.384845,0.983669,0,0
1455,radius,0.3000,22350738,2.570325,0.360715,5.545380,0.048607,0.384845,0.922764,0,0
1456,radius,0.3000,22350739,2.550167,0.357886,5.543079,0.050202,0.384845,0.997117,0,0
1457,radius,0.3000,22350740,2.586861,0.363036,5.672043,0.049977,0.384845,0.938592,0,0
1458,radius,0.3000,22350741,2.583365,0.362545,5.670276,0.049248,0.384845,0.975077,0,2
1459,radius,0.3000,22350742,2.562866,0.359668,5.542486,0.048178,0.384845,0.958877,0,2
1460,radius,0.3000,22350743,2.570630,0.360758,5.617233,0.051060,0.384845,0.942995,0,0
1461,radius,0.3000,22350744,2.573501,0.361161,5.590567,0.049337,0.384845,0.959167,0,0
1462,radius,0.3000,22350745,2.558911,0.359113,5.591133,0.049484,0.384845,0.956171,0,0
1463,radius,0.3000,22350746,2.557905,0.358972,5.529786,0.049508,0.384845,0.990394,0,1
1464,radius,0.3000,22350747,2.564267,0.359865,5.609417,0.050040,0.384845,0.988572,0,0
1465,radius,0.3000,22350748,2.570634,0.360759,5.637388,0.049638,0.384845,0.995840,0,1
1466,radius,0.3000,22350749,2.574884,0.361355,5.580717,0.049489,0.384845,0.987076,0,1
1467,radius,0.3000,22350750,2.554505,0.358495,5.470924,0.048980,0.384845,0.930028,0,0
1468,radius,0.3000,22350751,2.572140,0.360970,5.593000,0.049051,0.384845,0.967661,0,0
1469,radius,0.3000,22350752,2.553149,0.358305,5.572879,0.049387,0.384845,0.999606,0,1
1470,radius,0.3000,22350753,2.596330,0.364365,5.683932,0.050338,0.384845,0.962188,0,0
1471,radius,0.3000,22350754,2.546302,0.357344,5.514230,0.049985,0.384845,0.977841,0,0
1472,radius,0.3000,22350755,2.579412,0.361991,5.630757,0.050189,0.384845,0.929814,0,0
1473,radius,0.3000,22350756,2.569470,0.360595,5.628103,0.049804,0.384845,0.994746,0,0
1474,radius,0.3000,22350757,2.573214,0.361121,5.674020,0.050136,0.384845,0.985740,0,0
1475,radius,0.3000,22350758,2.558950,0.359119,5.579987,0.049599,0.384845,0.978282,0,1
1476,radius,0.3000,22350759,2.595699,0.364276,5.734489,0.051031,0.384845,0.997038,0,0
1477,radius,0.3000,22350760,2.580021,0.362076,5.704957,0.050063,0.384845,0.985150,0,0
1478,radius,0.3000,22350761,2.537647,0.356129,5.465377,0.049251,0.384845,0.950406,0,0
1479,radius,0.3000,22350762,2.568961,0.360524,5.586067,0.049674,0.384845,0.955774,0,0
1480,radius,0.3000,22350763,2.595659,0.364271,5.731228,0.050224,0.384845,0.964799,0,0
1481,radius,0.3000,22350764,2.579497,0.362002,5.703037,0.050141,0.384845,0.988751,0,0
1482,radius,0.3000,22350765,2.577364,0.361703,5.742131,0.051327,0.384845,0.998723,0,0
1483,radius,0.3000,22350766,2.583868,0.362616,5.636995,0.048882,0.384845,0.998775,0,0
1484,radius,0.3000,22350767,2.571165,0.360833,5.674714,0.049868,0.384845,1.008193,0,1
1485,radius,0.3000,22350768,2.547855,0.357562,5.557465,0.049840,0.384845,0.990278,0,0
1486,radius,0.3000,22350769,2.550749,0.357968,5.542706,0.050051,0.384845,0.974972,0,0
1487,radius,0.3000,22350770,2.587651,0.363147,5.686990,0.050527,0.384845,0.975822,0,1
1488,radius,0.3000,22350771,2.568833,0.360506,5.548306,0.048949,0.384845,0.935559,0,2
1489,radius,0.3000,22350772,2.563048,0.359694,5.572520,0.049069,0.384845,0.999946,0,0
1490,radius,0.3000,22350773,2.572285,0.360990,5.606992,0.051372,0.384845,0.975144,0,0
1491,radius,0.3000,22350774,2.582738,0.362457,5.691984,0.050305,0.384845,0.958815,0,0
1492,radius,0.3000,22350775,2.556699,0.358803,5.675211,0.050467,0.384845,0.989052,0,0
1493,radius,0.3000,22350776,2.561381,0.359460,5.598233,0.049417,0.384845,0.996310,0,0
1494,radius,0.3000,22350777,2.556110,0.358720,5.575407,0.049328,0.384845,0.979182,0,0
1495,radius,0.3000,22350778,2.564588,0.359910,5.556436,0.048957,0.384845,0.952348,0,0
1496,radius,0.3000,22350779,2.574873,0.361353,5.622379,0.048903,0.384845,0.982708,0,1
1497,radius,0.3000,22350780,2.569750,0.360635,5.574374,0.050003,0.384845,0.984537,0,2
1498,radius,0.3000,22350781,2.528994,0.354915,5.401975,0.048992,0.384845,0.957304,0,0
1499,radius,0.3000,22350782,2.573489,0.361159,5.562558,0.049490,0.384845,0.950802,0,3
1500,radius,0.3000,22350783,2.564428,0.359888,5.606188,0.050274,0.384845,0.961243,0,1
1501,random,nan,23260709,2.557748,0.358950,5.447162,0.049359,0.384845,1.000000,565,4
1502,random,nan,23260710,2.549597,0.357806,5.369565,0.048996,0.384845,1.000000,782,4
1503,random,nan,23260711,2.534574,0.355698,5.279218,0.047407,0.384845,1.000000,316,0
1504,random,nan,23260712,2.560913,0.359394,5.427732,0.049073,0.384845,1.000000,563,1
1505,random,nan,23260713,2.543357,0.356931,5.421914,0.048901,0.384845,1.000000,606,13
1506,random,nan,23260714,2.541180,0.356625,5.347172,0.048772,0.384845,1.000000,600,2
1507,random,nan,23260715,2.558755,0.359091,5.433457,0.048717,0.384845,1.000000,887,2
1508,random,nan,23260716,2.527462,0.354700,5.334836,0.048387,0.384845,1.000000,561,3
1509,random,nan,23260717,2.551943,0.358136,5.372255,0.049055,0.384845,1.000000,701,0
1510,random,nan,23260718,2.546844,0.357420,5.431141,0.049224,0.384845,1.000000,465,0
1511,random,nan,23260719,2.542482,0.356808,5.341374,0.048604,0.384845,1.000000,479,1
1512,random,nan,23260720,2.553857,0.358404,5.382412,0.048373,0.384845,1.000000,638,1
1513,random,nan,23260721,2.547890,0.357567,5.420089,0.048740,0.384845,1.000000,552,0
1514,random,nan,23260722,2.542150,0.356761,5.312112,0.048581,0.384845,1.000000,736,12
1515,random,nan,23260723,2.547151,0.357463,5.378514,0.048227,0.384845,1.000000,391,0
1516,random,nan,23260724,2.542382,0.356794,5.315914,0.048522,0.384845,1.000000,308,2
1517,random,nan,23260725,2.541048,0.356607,5.375132,0.048821,0.384845,1.000000,502,2
1518,random,nan,23260726,2.549797,0.357834,5.374834,0.048838,0.384845,1.000000,459,8
1519,random,nan,23260727,2.559581,0.359207,5.413387,0.049358,0.384845,1.000000,330,1
1520,random,nan,23260728,2.530868,0.355178,5.330263,0.048154,0.384845,1.000000,594,2
1521,random,nan,23260729,2.541061,0.356608,5.310395,0.048734,0.384845,1.000000,626,2
1522,random,nan,23260730,2.554304,0.358467,5.399361,0.048653,0.384845,1.000000,705,0
1523,random,nan,23260731,2.545953,0.357295,5.446443,0.049281,0.384845,1.000000,927,1
1524,random,nan,23260732,2.538495,0.356248,5.369623,0.048157,0.384845,1.000000,407,0
1525,random,nan,23260733,2.541855,0.356720,5.317082,0.048833,0.384845,1.000000,598,1
1526,random,nan,23260734,2.544517,0.357093,5.404644,0.048943,0.384845,1.000000,614,1
1527,random,nan,23260735,2.543690,0.356977,5.379268,0.048208,0.384845,1.000000,780,2
1528,random,nan,23260736,2.535239,0.355791,5.300162,0.048070,0.384845,1.000000,406,0
1529,random,nan,23260737,2.550514,0.357935,5.412812,0.048549,0.384845,1.000000,458,3
1530,random,nan,23260738,2.530028,0.355060,5.231168,0.048318,0.384845,1.000000,462,1
1531,random,nan,23260739,2.546817,0.357416,5.370011,0.048747,0.384845,1.000000,645,4
1532,random,nan,23260740,2.536112,0.355914,5.362781,0.048772,0.384845,1.000000,417,1
1533,random,nan,23260741,2.533496,0.355547,5.305543,0.048064,0.384845,1.000000,496,1
1534,random,nan,23260742,2.564897,0.359954,5.424335,0.049534,0.384845,1.000000,772,1
1535,random,nan,23260743,2.555664,0.358658,5.407732,0.049280,0.384845,1.000000,548,1
1536,random,nan,23260744,2.542989,0.356879,5.340317,0.048721,0.384845,1.000000,744,7
1537,random,nan,23260745,2.527151,0.354656,5.323159,0.047297,0.384845,1.000000,537,0
1538,random,nan,23260746,2.541441,0.356662,5.317228,0.048638,0.384845,1.000000,492,1
1539,random,nan,23260747,2.559920,0.359255,5.469518,0.048767,0.384845,1.000000,681,1
1540,random,nan,23260748,2.547376,0.357495,5.389123,0.048859,0.384845,1.000000,825,5
1541,random,nan,23260749,2.528884,0.354899,5.311645,0.048321,0.384845,1.000000,843,1
1542,random,nan,23260750,2.537841,0.356156,5.369794,0.049140,0.384845,1.000000,784,2
1543,random,nan,23260751,2.546293,0.357343,5.359108,0.047975,0.384845,1.000000,441,1
1544,random,nan,23260752,2.519859,0.353633,5.268392,0.047787,0.384845,1.000000,529,0
1545,random,nan,23260753,2.552745,0.358248,5.391134,0.048833,0.384845,1.000000,573,0
1546,random,nan,23260754,2.534429,0.355678,5.300292,0.048616,0.384845,1.000000,734,0
1547,random,nan,23260755,2.555980,0.358702,5.375408,0.048394,0.384845,1.000000,457,0
1548,random,nan,23260756,2.534469,0.355683,5.379322,0.049282,0.384845,1.000000,919,0
1549,random,nan,23260757,2.546731,0.357404,5.311111,0.048573,0.384845,1.000000,336,3
1550,random,nan,23260758,2.566963,0.360243,5.450546,0.048842,0.384845,1.000000,334,0
1552,jitter,0.0200,21260785,2.552788,0.358254,5.175884,0.041938,0.384845,1.000000,0,0
1553,jitter,0.0200,21260786,2.550591,0.357946,5.116712,0.041180,0.384845,1.000000,0,0
1554,jitter,0.0200,21260787,2.541109,0.356615,5.047014,0.040962,0.384845,1.000000,0,0
1555,jitter,0.0200,21260788,2.531974,0.355333,5.062754,0.041125,0.384845,1.000000,0,0
1556,jitter,0.0200,21260789,2.538187,0.356205,5.112609,0.040922,0.384845,1.000000,0,0
1557,jitter,0.0200,21260790,2.535198,0.355786,5.059912,0.040556,0.384845,1.000000,0,0
1558,jitter,0.0200,21260791,2.549418,0.357781,5.128478,0.040762,0.384845,1.000000,0,0
1559,jitter,0.0200,21260792,2.538952,0.356312,5.053752,0.041448,0.384845,1.000000,0,0
1560,jitter,0.0200,21260793,2.547433,0.357503,5.103049,0.041288,0.384845,1.000000,0,0
1561,jitter,0.0200,21260794,2.540684,0.356555,5.106899,0.041009,0.384845,1.000000,0,0
1562,jitter,0.0200,21260795,2.539182,0.356345,5.088617,0.040834,0.384845,1.000000,0,0
1563,jitter,0.0200,21260796,2.549980,0.357860,5.146479,0.041520,0.384845,1.000000,0,0
1564,jitter,0.0200,21260797,2.536462,0.355963,5.055239,0.041161,0.384845,1.000000,0,0
1565,jitter,0.0200,21260798,2.562336,0.359594,5.209471,0.042208,0.384845,1.000000,0,0
1567,jitter,0.0200,21260800,2.534124,0.355635,5.037262,0.040872,0.384845,1.000000,0,0
1568,jitter,0.0200,21260801,2.534998,0.355757,5.055248,0.041005,0.384845,1.000000,0,0
1569,jitter,0.0200,21260802,2.543195,0.356908,5.119368,0.040940,0.384845,1.000000,0,0
1570,jitter,0.0200,21260803,2.557499,0.358915,5.144897,0.041464,0.384845,1.000000,0,0
1571,jitter,0.0200,21260804,2.547588,0.357524,5.110284,0.041236,0.384845,1.000000,0,0
1572,jitter,0.0200,21260805,2.538461,0.356244,5.079229,0.040820,0.384845,1.000000,0,0
1573,jitter,0.0200,21260806,2.533893,0.355602,5.019736,0.040719,0.384845,1.000000,0,0
1574,jitter,0.0200,21260807,2.531224,0.355228,5.051407,0.040594,0.384845,1.000000,0,0
1575,jitter,0.0200,21260808,2.548897,0.357708,5.091260,0.041249,0.384845,1.000000,0,0
1576,jitter,0.0200,21260809,2.527473,0.354701,5.021193,0.040554,0.384845,1.000000,0,0
1577,jitter,0.0200,21260810,2.540155,0.356481,5.065679,0.040990,0.384845,1.000000,0,0
1578,jitter,0.0200,21260811,2.540740,0.356563,5.087357,0.040765,0.384845,1.000000,0,0
1580,jitter,0.0200,21260813,2.546232,0.357334,5.137966,0.041205,0.384845,1.000000,0,0
1582,jitter,0.0200,21260815,2.538704,0.356278,5.096564,0.041015,0.384845,1.000000,0,0
1583,jitter,0.0200,21260816,2.538287,0.356219,5.077323,0.040499,0.384845,1.000000,0,0
1584,jitter,0.0200,21260817,2.541364,0.356651,5.082970,0.040703,0.384845,1.000000,0,0
1585,jitter,0.0200,21260818,2.556729,0.358807,5.172155,0.041752,0.384845,1.000000,0,0
1586,jitter,0.0200,21260819,2.548711,0.357682,5.126269,0.041136,0.384845,1.000000,0,0
1587,jitter,0.0200,21260820,2.537775,0.356147,5.078200,0.040869,0.384845,1.000000,0,0
1588,jitter,0.0200,21260821,2.537802,0.356151,5.073723,0.041026,0.384845,1.000000,0,0
1589,jitter,0.0200,21260822,2.549352,0.357772,5.146018,0.041463,0.384845,1.000000,0,0
1590,jitter,0.0200,21260823,2.544354,0.357071,5.099499,0.041589,0.384845,1.000000,0,0
1591,jitter,0.0200,21260824,2.539750,0.356424,5.085360,0.040964,0.384845,1.000000,0,0
1592,jitter,0.0200,21260825,2.553036,0.358289,5.154171,0.041663,0.384845,1.000000,0,0
1593,jitter,0.0200,21260826,2.541475,0.356666,5.084960,0.040763,0.384845,1.000000,0,0
1594,jitter,0.0200,21260827,2.546677,0.357397,5.110513,0.041390,0.384845,1.000000,0,0
1596,jitter,0.0200,21260829,2.552144,0.358164,5.151213,0.041477,0.384845,1.000000,0,0
1597,jitter,0.0200,21260830,2.551026,0.358007,5.150827,0.041264,0.384845,1.000000,0,0
1598,jitter,0.0200,21260831,2.544504,0.357092,5.095965,0.041182,0.384845,1.000000,0,0
1599,jitter,0.0200,21260832,2.536336,0.355945,5.051172,0.040594,0.384845,1.000000,0,0
1601,jitter,0.0200,21260834,2.533998,0.355617,5.073347,0.040907,0.384845,1.000000,0,0
1602,jitter,0.0200,21260835,2.549248,0.357757,5.123527,0.041412,0.384845,1.000000,0,0
1603,jitter,0.0200,21260836,2.548477,0.357649,5.127610,0.041576,0.384845,1.000000,0,0
1604,jitter,0.0200,21260837,2.535932,0.355889,5.063782,0.041040,0.384845,1.000000,0,0
1605,jitter,0.0200,21260838,2.537065,0.356048,5.096005,0.040908,0.384845,1.000000,0,0
1606,jitter,0.0200,21260839,2.537614,0.356125,5.068516,0.040663,0.384845,1.000000,0,0
1607,jitter,0.0200,21260840,2.534134,0.355636,5.047567,0.041061,0.384845,1.000000,0,0
1608,jitter,0.0200,21260841,2.530699,0.355154,5.026397,0.040632,0.384845,1.000000,0,0
1609,jitter,0.0200,21260842,2.541513,0.356672,5.080450,0.040978,0.384845,1.000000,0,0
1610,jitter,0.0200,21260843,2.542442,0.356802,5.085696,0.041008,0.384845,1.000000,0,0
1611,jitter,0.0200,21260844,2.536009,0.355899,5.079468,0.041230,0.384845,1.000000,0,0
1612,jitter,0.0200,21260845,2.528496,0.354845,5.041063,0.040536,0.384845,1.000000,0,0
1613,jitter,0.0200,21260846,2.533079,0.355488,5.026970,0.040627,0.384845,1.000000,0,0
1614,jitter,0.0200,21260847,2.526255,0.354530,5.029500,0.040589,0.384845,1.000000,0,0
1615,jitter,0.0200,21260848,2.546379,0.357355,5.113159,0.041022,0.384845,1.000000,0,0
1616,jitter,0.0200,21260849,2.536751,0.356003,5.082934,0.040669,0.384845,1.000000,0,0
1617,jitter,0.0200,21260850,2.550695,0.357960,5.104729,0.041267,0.384845,1.000000,0,0
1618,jitter,0.0200,21260851,2.536408,0.355955,5.060721,0.041347,0.384845,1.000000,0,0
1619,jitter,0.0200,21260852,2.532576,0.355418,5.047358,0.040669,0.384845,1.000000,0,0
1620,jitter,0.0200,21260853,2.544035,0.357026,5.124139,0.041216,0.384845,1.000000,0,0
1621,jitter,0.0200,21260854,2.551316,0.358047,5.127188,0.041036,0.384845,1.000000,0,0
1622,jitter,0.0200,21260855,2.539379,0.356372,5.075447,0.040810,0.384845,1.000000,0,0
1623,jitter,0.0200,21260856,2.540131,0.356478,5.116696,0.041073,0.384845,1.000000,0,0
1625,jitter,0.0200,21260858,2.543932,0.357011,5.139852,0.041083,0.384845,1.000000,0,0
1626,jitter,0.0200,21260859,2.540558,0.356538,5.069100,0.040791,0.384845,1.000000,0,0
1627,jitter,0.0200,21260860,2.535866,0.355879,5.036324,0.040599,0.384845,1.000000,0,0
1628,jitter,0.0200,21260861,2.547128,0.357460,5.128327,0.041192,0.384845,1.000000,0,0
1629,jitter,0.0200,21260862,2.538274,0.356217,5.117474,0.041337,0.384845,1.000000,0,0
1630,jitter,0.0200,21260863,2.548307,0.357625,5.120664,0.041153,0.384845,1.000000,0,0
1631,jitter,0.0400,21270784,2.583151,0.362515,5.362541,0.044289,0.384845,1.000000,0,0
1632,jitter,0.0400,21270785,2.587955,0.363189,5.392839,0.043608,0.384845,1.000000,0,0
1633,jitter,0.0400,21270786,2.592541,0.363833,5.434059,0.044148,0.384845,1.000000,0,0
1634,jitter,0.0400,21270787,2.591421,0.363676,5.448389,0.044735,0.384845,1.000000,0,0
1635,jitter,0.0400,21270788,2.603663,0.365394,5.533641,0.045526,0.384845,1.000000,0,0
1636,jitter,0.0400,21270789,2.593293,0.363939,5.428591,0.044578,0.384845,1.000000,0,0
1637,jitter,0.0400,21270790,2.592655,0.363849,5.450903,0.044721,0.384845,1.000000,0,0
1638,jitter,0.0400,21270791,2.599992,0.364879,5.461773,0.044826,0.384845,1.000000,0,0
1639,jitter,0.0400,21270792,2.584857,0.362755,5.363789,0.043893,0.384845,1.000000,0,0
1640,jitter,0.0400,21270793,2.592549,0.363834,5.447006,0.044986,0.384845,1.000000,0,0
1641,jitter,0.0400,21270794,2.584913,0.362763,5.435229,0.044105,0.384845,1.000000,0,0
1642,jitter,0.0400,21270795,2.583089,0.362506,5.414350,0.044356,0.384845,1.000000,0,0
1643,jitter,0.0400,21270796,2.592784,0.363867,5.418917,0.044390,0.384845,1.000000,0,0
1644,jitter,0.0400,21270797,2.590064,0.363485,5.457554,0.045058,0.384845,1.000000,0,0
1645,jitter,0.0400,21270798,2.587465,0.363121,5.396174,0.044493,0.384845,1.000000,0,0
1646,jitter,0.0400,21270799,2.609957,0.366277,5.541785,0.045557,0.384845,1.000000,0,0
1647,jitter,0.0400,21270800,2.592081,0.363768,5.414445,0.044713,0.384845,1.000000,0,0
1648,jitter,0.0400,21270801,2.584643,0.362725,5.418354,0.045044,0.384845,1.000000,0,0
1649,jitter,0.0400,21270802,2.586116,0.362931,5.397472,0.044296,0.384845,1.000000,0,0
1650,jitter,0.0400,21270803,2.599547,0.364816,5.491255,0.044877,0.384845,1.000000,0,0
1651,jitter,0.0400,21270804,2.610999,0.366423,5.535681,0.046091,0.384845,1.000000,0,0
1652,jitter,0.0400,21270805,2.583588,0.362577,5.420981,0.044028,0.384845,1.000000,0,0
1653,jitter,0.0400,21270806,2.602927,0.365291,5.471425,0.045279,0.384845,1.000000,0,0
1654,jitter,0.0400,21270807,2.590459,0.363541,5.415080,0.044420,0.384845,1.000000,0,0
1655,jitter,0.0400,21270808,2.592255,0.363793,5.474948,0.044877,0.384845,1.000000,0,0
1656,jitter,0.0400,21270809,2.593790,0.364008,5.533563,0.045285,0.384845,1.000000,0,0
1657,jitter,0.0400,21270810,2.589861,0.363457,5.471371,0.044491,0.384845,1.000000,0,0
1658,jitter,0.0400,21270811,2.605757,0.365688,5.567227,0.045707,0.384845,1.000000,0,0
1659,jitter,0.0400,21270812,2.585481,0.362842,5.439415,0.044623,0.384845,1.000000,0,0
1660,jitter,0.0400,21270813,2.597621,0.364546,5.499437,0.044781,0.384845,1.000000,0,0
1661,jitter,0.0400,21270814,2.578977,0.361929,5.381908,0.043463,0.384845,1.000000,0,0
1662,jitter,0.0400,21270815,2.598060,0.364608,5.461970,0.044912,0.384845,1.000000,0,0
1663,jitter,0.0400,21270816,2.596111,0.364334,5.470407,0.045010,0.384845,1.000000,0,0
1664,jitter,0.0400,21270817,2.593591,0.363980,5.493556,0.045557,0.384845,1.000000,0,0
1665,jitter,0.0400,21270818,2.583672,0.362588,5.462625,0.044465,0.384845,1.000000,0,0
1666,jitter,0.0400,21270819,2.592539,0.363833,5.429578,0.044529,0.384845,1.000000,0,0
1667,jitter,0.0400,21270820,2.586790,0.363026,5.452195,0.043763,0.384845,1.000000,0,0
1668,jitter,0.0400,21270821,2.582209,0.362383,5.406868,0.043953,0.384845,1.000000,0,0
1669,jitter,0.0400,21270822,2.589382,0.363390,5.405594,0.044684,0.384845,1.000000,0,0
1670,jitter,0.0400,21270823,2.592720,0.363858,5.449610,0.044340,0.384845,1.000000,0,0
1671,jitter,0.0400,21270824,2.597974,0.364595,5.484305,0.045345,0.384845,1.000000,0,0
1672,jitter,0.0400,21270825,2.582865,0.362475,5.425537,0.044937,0.384845,1.000000,0,0
1673,jitter,0.0400,21270826,2.588331,0.363242,5.430500,0.044484,0.384845,1.000000,0,0
1674,jitter,0.0400,21270827,2.589529,0.363410,5.462621,0.044636,0.384845,1.000000,0,0
1675,jitter,0.0400,21270828,2.584878,0.362758,5.376945,0.044180,0.384845,1.000000,0,0
1676,jitter,0.0400,21270829,2.601314,0.365064,5.484080,0.045253,0.384845,1.000000,0,0
1677,jitter,0.0400,21270830,2.587019,0.363058,5.367416,0.044524,0.384845,1.000000,0,0
1678,jitter,0.0400,21270831,2.581231,0.362246,5.392966,0.044566,0.384845,1.000000,0,0
1679,jitter,0.0400,21270832,2.584317,0.362679,5.371480,0.044140,0.384845,1.000000,0,0
1680,jitter,0.0400,21270833,2.590817,0.363591,5.492656,0.045029,0.384845,1.000000,0,0
1681,jitter,0.0400,21270834,2.582966,0.362489,5.391415,0.044197,0.384845,1.000000,0,0
1682,jitter,0.0400,21270835,2.576951,0.361645,5.348487,0.043512,0.384845,1.000000,0,0
1683,jitter,0.0400,21270836,2.598099,0.364613,5.428289,0.044399,0.384845,1.000000,0,0
1684,jitter,0.0400,21270837,2.589770,0.363444,5.409835,0.043808,0.384845,1.000000,0,0
1685,jitter,0.0400,21270838,2.594712,0.364138,5.463367,0.044598,0.384845,1.000000,0,0
1686,jitter,0.0400,21270839,2.602823,0.365276,5.493323,0.044857,0.384845,1.000000,0,0
1687,jitter,0.0400,21270840,2.588700,0.363294,5.416607,0.044054,0.384845,1.000000,0,0
1688,jitter,0.0400,21270841,2.594832,0.364155,5.472095,0.045155,0.384845,1.000000,0,0
1689,jitter,0.0400,21270842,2.576185,0.361538,5.346256,0.043680,0.384845,1.000000,0,0
1690,jitter,0.0400,21270843,2.595751,0.364283,5.463121,0.045135,0.384845,1.000000,0,0
1691,jitter,0.0400,21270844,2.581225,0.362245,5.377341,0.044457,0.384845,1.000000,0,0
1692,jitter,0.0400,21270845,2.590704,0.363575,5.420513,0.044694,0.384845,1.000000,0,0
1693,jitter,0.0400,21270846,2.594952,0.364171,5.458112,0.044777,0.384845,1.000000,0,0
1694,jitter,0.0400,21270847,2.585116,0.362791,5.424317,0.044639,0.384845,1.000000,0,0
1695,jitter,0.0400,21270848,2.591302,0.363659,5.492767,0.044928,0.384845,1.000000,0,0
1696,jitter,0.0400,21270849,2.584868,0.362756,5.415740,0.043778,0.384845,1.000000,0,0
1697,jitter,0.0400,21270850,2.582254,0.362389,5.403768,0.044536,0.384845,1.000000,0,0
1698,jitter,0.0400,21270851,2.598571,0.364679,5.470394,0.045101,0.384845,1.000000,0,0
1699,jitter,0.0400,21270852,2.587470,0.363121,5.387175,0.044129,0.384845,1.000000,0,0
1700,jitter,0.0400,21270853,2.586469,0.362981,5.499360,0.045039,0.384845,1.000000,0,0
1701,jitter,0.0400,21270854,2.588611,0.363281,5.454373,0.044568,0.384845,1.000000,0,0
1702,jitter,0.0400,21270855,2.599714,0.364840,5.466380,0.044798,0.384845,1.000000,0,0
1703,jitter,0.0400,21270856,2.607586,0.365944,5.549151,0.045425,0.384845,1.000000,0,0
1704,jitter,0.0400,21270857,2.589289,0.363377,5.430215,0.044385,0.384845,1.000000,0,0
1705,jitter,0.0400,21270858,2.592612,0.363843,5.462535,0.045078,0.384845,1.000000,0,0
1706,jitter,0.0400,21270859,2.593881,0.364021,5.441355,0.044352,0.384845,1.000000,0,0
1707,jitter,0.0400,21270860,2.591289,0.363657,5.439807,0.044524,0.384845,1.000000,0,0
1708,jitter,0.0400,21270861,2.580305,0.362116,5.346658,0.043703,0.384845,1.000000,0,0
1709,jitter,0.0400,21270862,2.580998,0.362213,5.375682,0.043868,0.384845,1.000000,0,0
1710,jitter,0.0400,21270863,2.596400,0.364375,5.470868,0.044944,0.384845,1.000000,0,0
1711,jitter,0.0600,21280784,2.622112,0.367983,5.714480,0.047760,0.384845,1.000000,0,0
1712,jitter,0.0600,21280785,2.607724,0.365964,5.619699,0.047121,0.384845,1.000000,0,0
1713,jitter,0.0600,21280786,2.607620,0.365949,5.627600,0.047176,0.384845,1.000000,0,0
1714,jitter,0.0600,21280787,2.602980,0.365298,5.602804,0.047319,0.384845,1.000000,0,0
1715,jitter,0.0600,21280788,2.613081,0.366716,5.678747,0.047729,0.384845,1.000000,0,0
1716,jitter,0.0600,21280789,2.612425,0.366623,5.649097,0.047058,0.384845,1.000000,0,0
1717,jitter,0.0600,21280790,2.631181,0.369256,5.748841,0.047805,0.384845,1.000000,0,0
1718,jitter,0.0600,21280791,2.617591,0.367348,5.608523,0.047296,0.384845,1.000000,0,0
1719,jitter,0.0600,21280792,2.615913,0.367113,5.681547,0.047742,0.384845,1.000000,0,0
1720,jitter,0.0600,21280793,2.625299,0.368430,5.743778,0.048224,0.384845,1.000000,0,0
1721,jitter,0.0600,21280794,2.601390,0.365075,5.581622,0.047386,0.384845,1.000000,0,0
1722,jitter,0.0600,21280795,2.608748,0.366107,5.663176,0.047594,0.384845,1.000000,0,0
1723,jitter,0.0600,21280796,2.612724,0.366665,5.670784,0.047885,0.384845,1.000000,0,0
1724,jitter,0.0600,21280797,2.615349,0.367034,5.665967,0.047603,0.384845,1.000000,0,0
1725,jitter,0.0600,21280798,2.619149,0.367567,5.657321,0.046818,0.384845,1.000000,0,0
1726,jitter,0.0600,21280799,2.621747,0.367932,5.712476,0.047502,0.384845,1.000000,0,0
1727,jitter,0.0600,21280800,2.621028,0.367831,5.692802,0.047624,0.384845,1.000000,0,0
1728,jitter,0.0600,21280801,2.613260,0.366741,5.607026,0.046556,0.384845,1.000000,0,0
1729,jitter,0.0600,21280802,2.626798,0.368641,5.678349,0.048149,0.384845,1.000000,0,0
1730,jitter,0.0600,21280803,2.622046,0.367974,5.689471,0.047378,0.384845,1.000000,0,0
1731,jitter,0.0600,21280804,2.615367,0.367036,5.598243,0.047019,0.384845,1.000000,0,0
1732,jitter,0.0600,21280805,2.608262,0.366039,5.602953,0.047354,0.384845,1.000000,0,0
1733,jitter,0.0600,21280806,2.612945,0.366696,5.678121,0.048125,0.384845,1.000000,0,0
1734,jitter,0.0600,21280807,2.617637,0.367355,5.718539,0.048694,0.384845,1.000000,0,0
1735,jitter,0.0600,21280808,2.620350,0.367736,5.693396,0.047975,0.384845,1.000000,0,0
1736,jitter,0.0600,21280809,2.614778,0.366954,5.642065,0.046896,0.384845,1.000000,0,0
1737,jitter,0.0600,21280810,2.609547,0.366220,5.608611,0.047146,0.384845,1.000000,0,0
1738,jitter,0.0600,21280811,2.622399,0.368023,5.705031,0.048166,0.384845,1.000000,0,0
1739,jitter,0.0600,21280812,2.607270,0.365900,5.638962,0.047380,0.384845,1.000000,0,0
1740,jitter,0.0600,21280813,2.613232,0.366737,5.659570,0.047398,0.384845,1.000000,0,0
1741,jitter,0.0600,21280814,2.613744,0.366809,5.676273,0.048065,0.384845,1.000000,0,0
1742,jitter,0.0600,21280815,2.618759,0.367512,5.678191,0.048211,0.384845,1.000000,0,0
1743,jitter,0.0600,21280816,2.599698,0.364837,5.572601,0.047154,0.384845,1.000000,0,0
1744,jitter,0.0600,21280817,2.618089,0.367418,5.631138,0.047384,0.384845,1.000000,0,0
1745,jitter,0.0600,21280818,2.619776,0.367655,5.628774,0.047615,0.384845,1.000000,0,0
1746,jitter,0.0600,21280819,2.616062,0.367134,5.610886,0.046863,0.384845,1.000000,0,0
1747,jitter,0.0600,21280820,2.629355,0.368999,5.741459,0.048706,0.384845,1.000000,0,0
1748,jitter,0.0600,21280821,2.608598,0.366086,5.615676,0.046971,0.384845,1.000000,0,0
1749,jitter,0.0600,21280822,2.616909,0.367253,5.702317,0.047907,0.384845,1.000000,0,0
1750,jitter,0.0600,21280823,2.614543,0.366921,5.645528,0.046866,0.384845,1.000000,0,0
1751,jitter,0.0600,21280824,2.597689,0.364555,5.616841,0.046394,0.384845,1.000000,0,0
1752,jitter,0.0600,21280825,2.610558,0.366361,5.600198,0.046565,0.384845,1.000000,0,0
1753,jitter,0.0600,21280826,2.614571,0.366925,5.677525,0.047478,0.384845,1.000000,0,0
1754,jitter,0.0600,21280827,2.620028,0.367690,5.672103,0.047276,0.384845,1.000000,0,0
1755,jitter,0.0600,21280828,2.625989,0.368527,5.703328,0.047952,0.384845,1.000000,0,0
1756,jitter,0.0600,21280829,2.605806,0.365695,5.603328,0.047176,0.384845,1.000000,0,0
1757,jitter,0.0600,21280830,2.615991,0.367124,5.650567,0.046663,0.384845,1.000000,0,0
1758,jitter,0.0600,21280831,2.625108,0.368403,5.718127,0.048097,0.384845,1.000000,0,0
1759,jitter,0.0600,21280832,2.616441,0.367187,5.717491,0.047972,0.384845,1.000000,0,0
1760,jitter,0.0600,21280833,2.626274,0.368567,5.709510,0.048464,0.384845,1.000000,0,0
1761,jitter,0.0600,21280834,2.618705,0.367505,5.655775,0.048242,0.384845,1.000000,0,0
1762,jitter,0.0600,21280835,2.611267,0.366461,5.658918,0.047257,0.384845,1.000000,0,0
1763,jitter,0.0600,21280836,2.614783,0.366954,5.677027,0.047248,0.384845,1.000000,0,0
1764,jitter,0.0600,21280837,2.629770,0.369058,5.717524,0.047813,0.384845,1.000000,0,0
1765,jitter,0.0600,21280838,2.615689,0.367082,5.671315,0.047158,0.384845,1.000000,0,0
1766,jitter,0.0600,21280839,2.612648,0.366655,5.656207,0.047623,0.384845,1.000000,0,0
1767,jitter,0.0600,21280840,2.614101,0.366859,5.697399,0.048093,0.384845,1.000000,0,0
1768,jitter,0.0600,21280841,2.625616,0.368475,5.705133,0.048176,0.384845,1.000000,0,0
1769,jitter,0.0600,21280842,2.612760,0.366670,5.609825,0.048015,0.384845,1.000000,0,0
1770,jitter,0.0600,21280843,2.609338,0.366190,5.643525,0.047220,0.384845,1.000000,0,0
1771,jitter,0.0600,21280844,2.624133,0.368267,5.772008,0.048775,0.384845,1.000000,0,0
1772,jitter,0.0600,21280845,2.612635,0.366653,5.634043,0.047306,0.384845,1.000000,0,0
1773,jitter,0.0600,21280846,2.621253,0.367862,5.684873,0.047794,0.384845,1.000000,0,0
1774,jitter,0.0600,21280847,2.623520,0.368180,5.702227,0.047798,0.384845,1.000000,0,0
1775,jitter,0.0600,21280848,2.619950,0.367679,5.708553,0.048027,0.384845,1.000000,0,0
1776,jitter,0.0600,21280849,2.605209,0.365611,5.622396,0.047159,0.384845,1.000000,0,0
1777,jitter,0.0600,21280850,2.605335,0.365629,5.578940,0.047204,0.384845,1.000000,0,0
1778,jitter,0.0600,21280851,2.609083,0.366154,5.638505,0.047127,0.384845,1.000000,0,0
1779,jitter,0.0600,21280852,2.605320,0.365626,5.616640,0.047554,0.384845,1.000000,0,0
1780,jitter,0.0600,21280853,2.602854,0.365280,5.674448,0.047774,0.384845,1.000000,0,0
1781,jitter,0.0600,21280854,2.612172,0.366588,5.595633,0.047830,0.384845,1.000000,0,0
1782,jitter,0.0600,21280855,2.609805,0.366256,5.667087,0.047128,0.384845,1.000000,0,0
1783,jitter,0.0600,21280856,2.617015,0.367268,5.679434,0.048083,0.384845,1.000000,0,0
1784,jitter,0.0600,21280857,2.616396,0.367181,5.656819,0.047597,0.384845,1.000000,0,0
1785,jitter,0.0600,21280858,2.619961,0.367681,5.635728,0.047092,0.384845,1.000000,0,0
1786,jitter,0.0600,21280859,2.616554,0.367203,5.644583,0.047029,0.384845,1.000000,0,0
1787,jitter,0.0600,21280860,2.625130,0.368406,5.710846,0.047849,0.384845,1.000000,0,0
1788,jitter,0.0600,21280861,2.616988,0.367264,5.686516,0.047919,0.384845,1.000000,0,0
1789,jitter,0.0600,21280862,2.610570,0.366363,5.656147,0.048331,0.384845,1.000000,0,0
1790,jitter,0.0600,21280863,2.618301,0.367448,5.683564,0.047334,0.384845,1.000000,0,0
1791,jitter,0.0800,21290784,2.622965,0.368103,5.786807,0.049927,0.384845,1.000000,0,0
1792,jitter,0.0800,21290785,2.619763,0.367653,5.757025,0.049345,0.384845,1.000000,0,0
1793,jitter,0.0800,21290786,2.628343,0.368857,5.808654,0.049803,0.384845,1.000000,0,0
1794,jitter,0.0800,21290787,2.634323,0.369697,5.835589,0.049326,0.384845,1.000000,0,0
1795,jitter,0.0800,21290788,2.635155,0.369813,5.807644,0.049982,0.384845,1.000000,0,0
1796,jitter,0.0800,21290789,2.630334,0.369137,5.796701,0.049539,0.384845,1.000000,0,0
1797,jitter,0.0800,21290790,2.630226,0.369122,5.807606,0.049986,0.384845,1.000000,0,0
1798,jitter,0.0800,21290791,2.614679,0.366940,5.738276,0.049841,0.384845,1.000000,0,0
1799,jitter,0.0800,21290792,2.619759,0.367653,5.779537,0.050061,0.384845,1.000000,0,0
1800,jitter,0.0800,21290793,2.629241,0.368983,5.784574,0.049423,0.384845,1.000000,0,0
1801,jitter,0.0800,21290794,2.636479,0.369999,5.816141,0.050073,0.384845,1.000000,0,0
1802,jitter,0.0800,21290795,2.618774,0.367515,5.714143,0.048885,0.384845,1.000000,0,0
1803,jitter,0.0800,21290796,2.612551,0.366641,5.683100,0.048529,0.384845,1.000000,0,0
1804,jitter,0.0800,21290797,2.638393,0.370268,5.818786,0.050067,0.384845,1.000000,0,0
1805,jitter,0.0800,21290798,2.637931,0.370203,5.788653,0.049404,0.384845,1.000000,0,0
1806,jitter,0.0800,21290799,2.629579,0.369031,5.798413,0.049809,0.384845,1.000000,0,0
1807,jitter,0.0800,21290800,2.625569,0.368468,5.753741,0.049086,0.384845,1.000000,0,0
1808,jitter,0.0800,21290801,2.606061,0.365730,5.743476,0.049740,0.384845,1.000000,0,0
1809,jitter,0.0800,21290802,2.611001,0.366424,5.733443,0.049536,0.384845,1.000000,0,0
1810,jitter,0.0800,21290803,2.620886,0.367811,5.814554,0.049991,0.384845,1.000000,0,0
1811,jitter,0.0800,21290804,2.622902,0.368094,5.789526,0.050852,0.384845,1.000000,0,0
1812,jitter,0.0800,21290805,2.620289,0.367727,5.829549,0.049720,0.384845,1.000000,0,0
1813,jitter,0.0800,21290806,2.617902,0.367392,5.721027,0.049749,0.384845,1.000000,0,0
1814,jitter,0.0800,21290807,2.617622,0.367353,5.774967,0.049238,0.384845,1.000000,0,0
1815,jitter,0.0800,21290808,2.628233,0.368842,5.800247,0.049564,0.384845,1.000000,0,0
1816,jitter,0.0800,21290809,2.635636,0.369881,5.831864,0.050240,0.384845,1.000000,0,0
1817,jitter,0.0800,21290810,2.630425,0.369150,5.802666,0.050189,0.384845,1.000000,0,0
1818,jitter,0.0800,21290811,2.632720,0.369472,5.872192,0.050368,0.384845,1.000000,0,0
1819,jitter,0.0800,21290812,2.620807,0.367800,5.819729,0.050162,0.384845,1.000000,0,0
1820,jitter,0.0800,21290813,2.627233,0.368702,5.765047,0.049542,0.384845,1.000000,0,0
1821,jitter,0.0800,21290814,2.620971,0.367823,5.781612,0.050121,0.384845,1.000000,0,0
1822,jitter,0.0800,21290815,2.626550,0.368606,5.779109,0.049844,0.384845,1.000000,0,0
1823,jitter,0.0800,21290816,2.627795,0.368780,5.814162,0.049779,0.384845,1.000000,0,0
1824,jitter,0.0800,21290817,2.607647,0.365953,5.746346,0.049833,0.384845,1.000000,0,0
1825,jitter,0.0800,21290818,2.629226,0.368981,5.770113,0.049334,0.384845,1.000000,0,0
1826,jitter,0.0800,21290819,2.621388,0.367881,5.785178,0.050002,0.384845,1.000000,0,0
1827,jitter,0.0800,21290820,2.613551,0.366782,5.776971,0.049105,0.384845,1.000000,0,0
1828,jitter,0.0800,21290821,2.630147,0.369111,5.771993,0.050300,0.384845,1.000000,0,0
1829,jitter,0.0800,21290822,2.616642,0.367215,5.729869,0.049474,0.384845,1.000000,0,0
1830,jitter,0.0800,21290823,2.619493,0.367615,5.795084,0.050298,0.384845,1.000000,0,0
1831,jitter,0.0800,21290824,2.611221,0.366455,5.732823,0.049487,0.384845,1.000000,0,0
1832,jitter,0.0800,21290825,2.632072,0.369381,5.829266,0.050270,0.384845,1.000000,0,0
1833,jitter,0.0800,21290826,2.621204,0.367855,5.774471,0.048929,0.384845,1.000000,0,0
1834,jitter,0.0800,21290827,2.639876,0.370476,5.845418,0.050545,0.384845,1.000000,0,0
1835,jitter,0.0800,21290828,2.631384,0.369284,5.789024,0.050068,0.384845,1.000000,0,0
1836,jitter,0.0800,21290829,2.615929,0.367115,5.683629,0.048404,0.384845,1.000000,0,0
1837,jitter,0.0800,21290830,2.626786,0.368639,5.804424,0.049560,0.384845,1.000000,0,0
1838,jitter,0.0800,21290831,2.615683,0.367081,5.772850,0.048999,0.384845,1.000000,0,0
1839,jitter,0.0800,21290832,2.627706,0.368768,5.805671,0.049653,0.384845,1.000000,0,0
1840,jitter,0.0800,21290833,2.631564,0.369309,5.770797,0.049510,0.384845,1.000000,0,0
1841,jitter,0.0800,21290834,2.619457,0.367610,5.750705,0.049146,0.384845,1.000000,0,0
1842,jitter,0.0800,21290835,2.621303,0.367869,5.791167,0.049225,0.384845,1.000000,0,0
1843,jitter,0.0800,21290836,2.613944,0.366837,5.667565,0.049108,0.384845,1.000000,0,0
1844,jitter,0.0800,21290837,2.615961,0.367120,5.757494,0.049862,0.384845,1.000000,0,0
1845,jitter,0.0800,21290838,2.612126,0.366582,5.724408,0.049163,0.384845,1.000000,0,0
1846,jitter,0.0800,21290839,2.634951,0.369785,5.833671,0.049685,0.384845,1.000000,0,0
1847,jitter,0.0800,21290840,2.625258,0.368424,5.816772,0.049385,0.384845,1.000000,0,0
1848,jitter,0.0800,21290841,2.618716,0.367506,5.736786,0.049475,0.384845,1.000000,0,0
1849,jitter,0.0800,21290842,2.628665,0.368903,5.771536,0.049243,0.384845,1.000000,0,0
1850,jitter,0.0800,21290843,2.630720,0.369191,5.754192,0.049110,0.384845,1.000000,0,0
1851,jitter,0.0800,21290844,2.617070,0.367275,5.772265,0.049962,0.384845,1.000000,0,0
1852,jitter,0.0800,21290845,2.625266,0.368426,5.792880,0.049793,0.384845,1.000000,0,0
1853,jitter,0.0800,21290846,2.615728,0.367087,5.688417,0.048712,0.384845,1.000000,0,0
1854,jitter,0.0800,21290847,2.628546,0.368886,5.738480,0.049484,0.384845,1.000000,0,0
1855,jitter,0.0800,21290848,2.614418,0.366903,5.748604,0.049688,0.384845,1.000000,0,0
1856,jitter,0.0800,21290849,2.620197,0.367714,5.775889,0.048957,0.384845,1.000000,0,0
1857,jitter,0.0800,21290850,2.631089,0.369243,5.786511,0.049517,0.384845,1.000000,0,0
1858,jitter,0.0800,21290851,2.623132,0.368126,5.774790,0.049954,0.384845,1.000000,0,0
1859,jitter,0.0800,21290852,2.637386,0.370126,5.813169,0.049719,0.384845,1.000000,0,0
1860,jitter,0.0800,21290853,2.628322,0.368854,5.783738,0.049290,0.384845,1.000000,0,0
1861,jitter,0.0800,21290854,2.642027,0.370778,5.874364,0.050165,0.384845,1.000000,0,0
1862,jitter,0.0800,21290855,2.627925,0.368799,5.773879,0.049365,0.384845,1.000000,0,0
1863,jitter,0.0800,21290856,2.627615,0.368755,5.800971,0.049925,0.384845,1.000000,0,0
1864,jitter,0.0800,21290857,2.621644,0.367917,5.805153,0.049748,0.384845,1.000000,0,0
1865,jitter,0.0800,21290858,2.621169,0.367851,5.756689,0.049611,0.384845,1.000000,0,0
1866,jitter,0.0800,21290859,2.622035,0.367972,5.720117,0.048869,0.384845,1.000000,0,0
1867,jitter,0.0800,21290860,2.621717,0.367928,5.784358,0.048585,0.384845,1.000000,0,0
1868,jitter,0.0800,21290861,2.625514,0.368460,5.725163,0.049463,0.384845,1.000000,0,0
1869,jitter,0.0800,21290862,2.617605,0.367350,5.720102,0.048299,0.384845,1.000000,0,0
1870,jitter,0.0800,21290863,2.619156,0.367568,5.753496,0.049413,0.384845,1.000000,0,0
1871,jitter,0.1000,21300784,2.620567,0.367766,5.819770,0.049691,0.384845,1.000000,0,0
1872,jitter,0.1000,21300785,2.613395,0.366760,5.774990,0.050523,0.384845,1.000000,0,0
1873,jitter,0.1000,21300786,2.621474,0.367893,5.816019,0.051044,0.384845,1.000000,0,0
1874,jitter,0.1000,21300787,2.637727,0.370174,5.908292,0.050934,0.384845,1.000000,0,0
1875,jitter,0.1000,21300788,2.625589,0.368471,5.850116,0.051440,0.384845,1.000000,0,0
1876,jitter,0.1000,21300789,2.616969,0.367261,5.832033,0.050729,0.384845,1.000000,0,0
1877,jitter,0.1000,21300790,2.611611,0.366509,5.718398,0.049974,0.384845,1.000000,0,0
1878,jitter,0.1000,21300791,2.611745,0.366528,5.737726,0.050974,0.384845,1.000000,0,0
1879,jitter,0.1000,21300792,2.617897,0.367391,5.813425,0.050384,0.384845,1.000000,0,0
1880,jitter,0.1000,21300793,2.619528,0.367620,5.814463,0.050534,0.384845,1.000000,0,0
1881,jitter,0.1000,21300794,2.596927,0.364449,5.796438,0.051161,0.384845,1.000000,0,0
1882,jitter,0.1000,21300795,2.618328,0.367452,5.764666,0.050474,0.384845,1.000000,0,0
1883,jitter,0.1000,21300796,2.606351,0.365771,5.731609,0.049399,0.384845,1.000000,0,0
1884,jitter,0.1000,21300797,2.624185,0.368274,5.862586,0.050622,0.384845,1.000000,0,0
1885,jitter,0.1000,21300798,2.631350,0.369279,5.843784,0.051126,0.384845,1.000000,0,0
1886,jitter,0.1000,21300799,2.619028,0.367550,5.823029,0.050345,0.384845,1.000000,0,0
1887,jitter,0.1000,21300800,2.623250,0.368143,5.782765,0.050365,0.384845,1.000000,0,0
1888,jitter,0.1000,21300801,2.604228,0.365473,5.754318,0.050470,0.384845,1.000000,0,0
1889,jitter,0.1000,21300802,2.607463,0.365927,5.765524,0.051597,0.384845,1.000000,0,0
1890,jitter,0.1000,21300803,2.632608,0.369456,5.857803,0.050909,0.384845,1.000000,0,0
1891,jitter,0.1000,21300804,2.633131,0.369529,5.925561,0.051015,0.384845,1.000000,0,0
1892,jitter,0.1000,21300805,2.616115,0.367141,5.800643,0.051072,0.384845,1.000000,0,0
1893,jitter,0.1000,21300806,2.607969,0.365998,5.751749,0.050434,0.384845,1.000000,0,0
1894,jitter,0.1000,21300807,2.621418,0.367886,5.832967,0.050545,0.384845,1.000000,0,0
1895,jitter,0.1000,21300808,2.618564,0.367485,5.779007,0.050871,0.384845,1.000000,0,0
1896,jitter,0.1000,21300809,2.599929,0.364870,5.754355,0.050301,0.384845,1.000000,0,0
1897,jitter,0.1000,21300810,2.609591,0.366226,5.739722,0.049972,0.384845,1.000000,0,0
1898,jitter,0.1000,21300811,2.619935,0.367677,5.831398,0.050288,0.384845,1.000000,0,0
1899,jitter,0.1000,21300812,2.616065,0.367134,5.810269,0.050718,0.384845,1.000000,0,0
1900,jitter,0.1000,21300813,2.635203,0.369820,5.870918,0.050865,0.384845,1.000000,0,0
1901,jitter,0.1000,21300814,2.628778,0.368918,5.888053,0.050784,0.384845,1.000000,0,0
1902,jitter,0.1000,21300815,2.610385,0.366337,5.766359,0.049765,0.384845,1.000000,0,0
1903,jitter,0.1000,21300816,2.611031,0.366428,5.816456,0.050199,0.384845,1.000000,0,0
1904,jitter,0.1000,21300817,2.612220,0.366595,5.791222,0.050105,0.384845,1.000000,0,0
1905,jitter,0.1000,21300818,2.623765,0.368215,5.834503,0.050632,0.384845,1.000000,0,0
1906,jitter,0.1000,21300819,2.638550,0.370290,5.906772,0.050442,0.384845,1.000000,0,0
1907,jitter,0.1000,21300820,2.624241,0.368282,5.824729,0.050712,0.384845,1.000000,0,0
1908,jitter,0.1000,21300821,2.625364,0.368439,5.850195,0.050489,0.384845,1.000000,0,0
1909,jitter,0.1000,21300822,2.625057,0.368396,5.807845,0.050780,0.384845,1.000000,0,0
1910,jitter,0.1000,21300823,2.622950,0.368101,5.799326,0.050589,0.384845,1.000000,0,0
1911,jitter,0.1000,21300824,2.628188,0.368836,5.877792,0.051326,0.384845,1.000000,0,0
1912,jitter,0.1000,21300825,2.621931,0.367958,5.845136,0.051391,0.384845,1.000000,0,0
1913,jitter,0.1000,21300826,2.626127,0.368546,5.880349,0.051408,0.384845,1.000000,0,0
1914,jitter,0.1000,21300827,2.609321,0.366188,5.793830,0.050310,0.384845,1.000000,0,0
1915,jitter,0.1000,21300828,2.622701,0.368066,5.846117,0.050630,0.384845,1.000000,0,0
1916,jitter,0.1000,21300829,2.616216,0.367156,5.783378,0.050333,0.384845,1.000000,0,0
1917,jitter,0.1000,21300830,2.616440,0.367187,5.816420,0.050450,0.384845,1.000000,0,0
1918,jitter,0.1000,21300831,2.634399,0.369707,5.890700,0.050448,0.384845,1.000000,0,0
1919,jitter,0.1000,21300832,2.627449,0.368732,5.898594,0.050731,0.384845,1.000000,0,0
1920,jitter,0.1000,21300833,2.637667,0.370166,5.883886,0.050522,0.384845,1.000000,0,0
1921,jitter,0.1000,21300834,2.633366,0.369562,5.797422,0.051163,0.384845,1.000000,0,0
1922,jitter,0.1000,21300835,2.629074,0.368960,5.809706,0.050891,0.384845,1.000000,0,0
1923,jitter,0.1000,21300836,2.620950,0.367820,5.795008,0.050476,0.384845,1.000000,0,0
1924,jitter,0.1000,21300837,2.605696,0.365679,5.828978,0.051057,0.384845,1.000000,0,0
1925,jitter,0.1000,21300838,2.618321,0.367451,5.820463,0.051390,0.384845,1.000000,0,0
1926,jitter,0.1000,21300839,2.619554,0.367624,5.877299,0.050751,0.384845,1.000000,0,0
1927,jitter,0.1000,21300840,2.624754,0.368354,5.854984,0.051623,0.384845,1.000000,0,0
1928,jitter,0.1000,21300841,2.616000,0.367125,5.834928,0.050377,0.384845,1.000000,0,0
1929,jitter,0.1000,21300842,2.613851,0.366824,5.815373,0.050882,0.384845,1.000000,0,0
1930,jitter,0.1000,21300843,2.612737,0.366667,5.733329,0.050129,0.384845,1.000000,0,0
1931,jitter,0.1000,21300844,2.620603,0.367771,5.818558,0.050595,0.384845,1.000000,0,0
1932,jitter,0.1000,21300845,2.615099,0.366999,5.819364,0.050283,0.384845,1.000000,0,0
1933,jitter,0.1000,21300846,2.604085,0.365453,5.716120,0.050507,0.384845,1.000000,0,0
1934,jitter,0.1000,21300847,2.617988,0.367404,5.784614,0.050628,0.384845,1.000000,0,0
1935,jitter,0.1000,21300848,2.613479,0.366771,5.856561,0.050835,0.384845,1.000000,0,0
1936,jitter,0.1000,21300849,2.618019,0.367409,5.851893,0.049936,0.384845,1.000000,0,0
1937,jitter,0.1000,21300850,2.619231,0.367579,5.864022,0.050446,0.384845,1.000000,0,0
1938,jitter,0.1000,21300851,2.625780,0.368498,5.800291,0.050899,0.384845,1.000000,0,0
1939,jitter,0.1000,21300852,2.615026,0.366988,5.852699,0.050647,0.384845,1.000000,0,0
1940,jitter,0.1000,21300853,2.619589,0.367629,5.832351,0.051052,0.384845,1.000000,0,0
1941,jitter,0.1000,21300854,2.621677,0.367922,5.821993,0.050320,0.384845,1.000000,0,0
1942,jitter,0.1000,21300855,2.613492,0.366773,5.822337,0.051646,0.384845,1.000000,0,0
1943,jitter,0.1000,21300856,2.626052,0.368536,5.851637,0.051350,0.384845,1.000000,0,0
1944,jitter,0.1000,21300857,2.630246,0.369124,5.864792,0.051127,0.384845,1.000000,0,0
1945,jitter,0.1000,21300858,2.616767,0.367233,5.840667,0.050802,0.384845,1.000000,0,0
1946,jitter,0.1000,21300859,2.619352,0.367596,5.857148,0.050284,0.384845,1.000000,0,0
1947,jitter,0.1000,21300860,2.624077,0.368259,5.855797,0.050633,0.384845,1.000000,0,0
1948,jitter,0.1000,21300861,2.626357,0.368579,5.791521,0.050868,0.384845,1.000000,0,0
1949,jitter,0.1000,21300862,2.623777,0.368217,5.816270,0.051477,0.384845,1.000000,0,0
1950,jitter,0.1000,21300863,2.625597,0.368472,5.827217,0.051433,0.384845,1.000000,0,0
1951,jitter,0.1250,21310784,2.603691,0.365398,5.738571,0.050860,0.384845,1.000000,4,0
1952,jitter,0.1250,21310785,2.617680,0.367361,5.800819,0.052100,0.384845,1.000000,0,0
1953,jitter,0.1250,21310786,2.617675,0.367360,5.845677,0.051475,0.384845,1.000000,0,0
1954,jitter,0.1250,21310787,2.607012,0.365864,5.850508,0.051508,0.384845,1.000000,0,0
1955,jitter,0.1250,21310788,2.603392,0.365356,5.755659,0.050785,0.384845,1.000000,0,0
1956,jitter,0.1250,21310789,2.613289,0.366745,5.810941,0.050937,0.384845,1.000000,2,0
1957,jitter,0.1250,21310790,2.625111,0.368404,5.785765,0.050526,0.384845,1.000000,0,0
1958,jitter,0.1250,21310791,2.622555,0.368045,5.848811,0.050888,0.384845,1.000000,8,0
1959,jitter,0.1250,21310792,2.622286,0.368007,5.889752,0.051620,0.384845,1.000000,2,0
1960,jitter,0.1250,21310793,2.607501,0.365932,5.781838,0.050737,0.384845,1.000000,4,0
1961,jitter,0.1250,21310794,2.622339,0.368015,5.804603,0.050921,0.384845,1.000000,0,0
1962,jitter,0.1250,21310795,2.606119,0.365738,5.801567,0.051204,0.384845,1.000000,0,0
1963,jitter,0.1250,21310796,2.617285,0.367305,5.817936,0.052081,0.384845,1.000000,0,0
1964,jitter,0.1250,21310797,2.625813,0.368502,5.887121,0.051413,0.384845,1.000000,0,0
1965,jitter,0.1250,21310798,2.608667,0.366096,5.776723,0.051495,0.384845,1.000000,0,0
1966,jitter,0.1250,21310799,2.612179,0.366589,5.829697,0.051737,0.384845,1.000000,0,0
1967,jitter,0.1250,21310800,2.632112,0.369386,5.868745,0.051584,0.384845,1.000000,0,0
1968,jitter,0.1250,21310801,2.612740,0.366668,5.754500,0.050731,0.384845,1.000000,2,0
1969,jitter,0.1250,21310802,2.620065,0.367696,5.846411,0.051608,0.384845,1.000000,0,0
1970,jitter,0.1250,21310803,2.609199,0.366171,5.784258,0.051034,0.384845,1.000000,0,0
1971,jitter,0.1250,21310804,2.614202,0.366873,5.835344,0.050957,0.384845,1.000000,0,0
1972,jitter,0.1250,21310805,2.614327,0.366890,5.788140,0.050997,0.384845,1.000000,0,0
1973,jitter,0.1250,21310806,2.607601,0.365947,5.821523,0.051061,0.384845,1.000000,0,0
1974,jitter,0.1250,21310807,2.608497,0.366072,5.784502,0.051569,0.384845,1.000000,0,0
1975,jitter,0.1250,21310808,2.627389,0.368723,5.862763,0.051988,0.384845,1.000000,0,0
1976,jitter,0.1250,21310809,2.600071,0.364890,5.779336,0.050699,0.384845,1.000000,0,0
1977,jitter,0.1250,21310810,2.627178,0.368694,5.865340,0.051760,0.384845,1.000000,0,0
1978,jitter,0.1250,21310811,2.613184,0.366730,5.794156,0.050997,0.384845,1.000000,0,0
1979,jitter,0.1250,21310812,2.605697,0.365679,5.814631,0.050843,0.384845,1.000000,0,0
1980,jitter,0.1250,21310813,2.616097,0.367139,5.809432,0.051140,0.384845,1.000000,2,0
1981,jitter,0.1250,21310814,2.612788,0.366674,5.811305,0.052181,0.384845,1.000000,2,0
1982,jitter,0.1250,21310815,2.619729,0.367649,5.852426,0.051475,0.384845,1.000000,2,0
1983,jitter,0.1250,21310816,2.621459,0.367891,5.812780,0.050833,0.384845,1.000000,0,0
1984,jitter,0.1250,21310817,2.611656,0.366516,5.839127,0.051260,0.384845,1.000000,2,0
1985,jitter,0.1250,21310818,2.606072,0.365732,5.805306,0.051304,0.384845,1.000000,0,0
1986,jitter,0.1250,21310819,2.608627,0.366090,5.823158,0.051167,0.384845,1.000000,0,0
1987,jitter,0.1250,21310820,2.609645,0.366233,5.844168,0.051445,0.384845,1.000000,0,0
1988,jitter,0.1250,21310821,2.616643,0.367215,5.791755,0.051731,0.384845,1.000000,0,0
1989,jitter,0.1250,21310822,2.594803,0.364150,5.760287,0.050973,0.384845,1.000000,2,0
1990,jitter,0.1250,21310823,2.625965,0.368524,5.861221,0.051803,0.384845,1.000000,0,0
1991,jitter,0.1250,21310824,2.615169,0.367008,5.850272,0.051125,0.384845,1.000000,0,0
1992,jitter,0.1250,21310825,2.623451,0.368171,5.813340,0.051557,0.384845,1.000000,2,0
1993,jitter,0.1250,21310826,2.606262,0.365759,5.764623,0.050970,0.384845,1.000000,0,0
1994,jitter,0.1250,21310827,2.623311,0.368151,5.834350,0.050954,0.384845,1.000000,0,0
1995,jitter,0.1250,21310828,2.617327,0.367311,5.872049,0.051390,0.384845,1.000000,0,0
1996,jitter,0.1250,21310829,2.608497,0.366072,5.769052,0.050150,0.384845,1.000000,2,0
1997,jitter,0.1250,21310830,2.623922,0.368237,5.865008,0.051526,0.384845,1.000000,0,0
1998,jitter,0.1250,21310831,2.625769,0.368496,5.866235,0.051016,0.384845,1.000000,2,0
1999,jitter,0.1250,21310832,2.615588,0.367067,5.795188,0.051471,0.384845,1.000000,0,0
2000,jitter,0.1250,21310833,2.623976,0.368245,5.841367,0.051216,0.384845,1.000000,0,0
2001,jitter,0.1250,21310834,2.598037,0.364604,5.775618,0.050906,0.384845,1.000000,0,0
2002,jitter,0.1250,21310835,2.611628,0.366512,5.809475,0.051534,0.384845,1.000000,0,0
2003,jitter,0.1250,21310836,2.616874,0.367248,5.847247,0.051610,0.384845,1.000000,0,0
2004,jitter,0.1250,21310837,2.617593,0.367349,5.811342,0.052353,0.384845,1.000000,0,0
2005,jitter,0.1250,21310838,2.616400,0.367181,5.832893,0.051145,0.384845,1.000000,0,0
2006,jitter,0.1250,21310839,2.614036,0.366850,5.842375,0.051415,0.384845,1.000000,2,0
2007,jitter,0.1250,21310840,2.606873,0.365844,5.787241,0.051230,0.384845,1.000000,0,0
2008,jitter,0.1250,21310841,2.614931,0.366975,5.798075,0.050957,0.384845,1.000000,2,0
2009,jitter,0.1250,21310842,2.623194,0.368135,5.814681,0.051836,0.384845,1.000000,0,0
2010,jitter,0.1250,21310843,2.613385,0.366758,5.810082,0.050202,0.384845,1.000000,2,0
2011,jitter,0.1250,21310844,2.602423,0.365220,5.804065,0.051527,0.384845,1.000000,0,0
2012,jitter,0.1250,21310845,2.611864,0.366545,5.889466,0.051265,0.384845,1.000000,0,0
2013,jitter,0.1250,21310846,2.607726,0.365964,5.800648,0.051103,0.384845,1.000000,2,0
2014,jitter,0.1250,21310847,2.591836,0.363734,5.736800,0.050627,0.384845,1.000000,2,0
2015,jitter,0.1250,21310848,2.615812,0.367099,5.847514,0.051690,0.384845,1.000000,0,0
2016,jitter,0.1250,21310849,2.595151,0.364199,5.762098,0.051237,0.384845,1.000000,2,0
2017,jitter,0.1250,21310850,2.612431,0.366624,5.788749,0.051632,0.384845,1.000000,0,0
2018,jitter,0.1250,21310851,2.603491,0.365370,5.816164,0.051622,0.384845,1.000000,2,0
2019,jitter,0.1250,21310852,2.617898,0.367392,5.852160,0.051018,0.384845,1.000000,0,0
2020,jitter,0.1250,21310853,2.616516,0.367198,5.801804,0.051295,0.384845,1.000000,2,0
2021,jitter,0.1250,21310854,2.606733,0.365825,5.776601,0.051031,0.384845,1.000000,2,0
2022,jitter,0.1250,21310855,2.620058,0.367695,5.803706,0.051515,0.384845,1.000000,0,0
2023,jitter,0.1250,21310856,2.622113,0.367983,5.884025,0.052153,0.384845,1.000000,2,0
2024,jitter,0.1250,21310857,2.621300,0.367869,5.838190,0.051751,0.384845,1.000000,0,0
2025,jitter,0.1250,21310858,2.620744,0.367791,5.820940,0.050613,0.384845,1.000000,0,0
2026,jitter,0.1250,21310859,2.618326,0.367452,5.811462,0.050802,0.384845,1.000000,0,0
2027,jitter,0.1250,21310860,2.608335,0.366050,5.757453,0.050894,0.384845,1.000000,0,0
2028,jitter,0.1250,21310861,2.616598,0.367209,5.819714,0.051194,0.384845,1.000000,4,0
2029,jitter,0.1250,21310862,2.607603,0.365947,5.793576,0.051061,0.384845,1.000000,0,0
2030,jitter,0.1250,21310863,2.616855,0.367245,5.822904,0.050806,0.384845,1.000000,0,0
2031,jitter,0.1500,21320784,2.598111,0.364615,5.764106,0.051347,0.384845,1.000000,4,0
2032,jitter,0.1500,21320785,2.609694,0.366240,5.818562,0.051343,0.384845,1.000000,16,0
2033,jitter,0.1500,21320786,2.608351,0.366052,5.791073,0.050975,0.384845,1.000000,0,0
2034,jitter,0.1500,21320787,2.594505,0.364109,5.733039,0.051273,0.384845,1.000000,10,0
2035,jitter,0.1500,21320788,2.602613,0.365246,5.774698,0.050685,0.384845,1.000000,8,0
2036,jitter,0.1500,21320789,2.606131,0.365740,5.824866,0.051519,0.384845,1.000000,4,0
2037,jitter,0.1500,21320790,2.611707,0.366523,5.788184,0.052006,0.384845,1.000000,12,0
2038,jitter,0.1500,21320791,2.596430,0.364379,5.742874,0.051326,0.384845,1.000000,3,0
2039,jitter,0.1500,21320792,2.592645,0.363848,5.730395,0.051458,0.384845,1.000000,6,0
2040,jitter,0.1500,21320793,2.610439,0.366345,5.779979,0.051060,0.384845,1.000000,2,0
2041,jitter,0.1500,21320794,2.615390,0.367040,5.827683,0.051523,0.384845,1.000000,6,0
2042,jitter,0.1500,21320795,2.592707,0.363856,5.755618,0.051701,0.384845,1.000000,4,0
2043,jitter,0.1500,21320796,2.610709,0.366383,5.829291,0.051398,0.384845,1.000000,6,0
2044,jitter,0.1500,21320797,2.612259,0.366600,5.786256,0.051157,0.384845,1.000000,3,0
2045,jitter,0.1500,21320798,2.590404,0.363533,5.679769,0.050918,0.384845,1.000000,6,0
2046,jitter,0.1500,21320799,2.593541,0.363973,5.739607,0.051594,0.384845,1.000000,11,0
2047,jitter,0.1500,21320800,2.610974,0.366420,5.826295,0.051923,0.384845,1.000000,12,0
2048,jitter,0.1500,21320801,2.597118,0.364475,5.825908,0.050853,0.384845,1.000000,6,0
2049,jitter,0.1500,21320802,2.598213,0.364629,5.753406,0.051291,0.384845,1.000000,12,0
2050,jitter,0.1500,21320803,2.594198,0.364066,5.750218,0.051345,0.384845,1.000000,6,0
2051,jitter,0.1500,21320804,2.590009,0.363478,5.750919,0.051088,0.384845,1.000000,6,0
2052,jitter,0.1500,21320805,2.609987,0.366281,5.814135,0.051621,0.384845,1.000000,2,0
2053,jitter,0.1500,21320806,2.613425,0.366764,5.831115,0.051416,0.384845,1.000000,14,0
2054,jitter,0.1500,21320807,2.610842,0.366401,5.736698,0.050849,0.384845,1.000000,12,0
2055,jitter,0.1500,21320808,2.603513,0.365373,5.774235,0.051637,0.384845,1.000000,6,0
2056,jitter,0.1500,21320809,2.601846,0.365139,5.753341,0.050638,0.384845,1.000000,12,0
2057,jitter,0.1500,21320810,2.615032,0.366989,5.827904,0.051031,0.384845,1.000000,6,0
2058,jitter,0.1500,21320811,2.597858,0.364579,5.762767,0.051912,0.384845,1.000000,2,0
2059,jitter,0.1500,21320812,2.593586,0.363980,5.694217,0.051293,0.384845,1.000000,4,0
2060,jitter,0.1500,21320813,2.603022,0.365304,5.828987,0.051396,0.384845,1.000000,10,0
2061,jitter,0.1500,21320814,2.602175,0.365185,5.809565,0.052061,0.384845,1.000000,0,0
2062,jitter,0.1500,21320815,2.593492,0.363966,5.732594,0.051388,0.384845,1.000000,6,0
2063,jitter,0.1500,21320816,2.597163,0.364482,5.646967,0.050770,0.384845,1.000000,6,0
2064,jitter,0.1500,21320817,2.600059,0.364888,5.742636,0.051576,0.384845,1.000000,2,0
2065,jitter,0.1500,21320818,2.605579,0.365663,5.795389,0.051818,0.384845,1.000000,8,0
2066,jitter,0.1500,21320819,2.613560,0.366783,5.843886,0.052014,0.384845,1.000000,8,0
2067,jitter,0.1500,21320820,2.590111,0.363492,5.720623,0.051218,0.384845,1.000000,4,0
2068,jitter,0.1500,21320821,2.599825,0.364855,5.720949,0.051566,0.384845,1.000000,8,0
2069,jitter,0.1500,21320822,2.616237,0.367158,5.839005,0.050728,0.384845,1.000000,8,0
2070,jitter,0.1500,21320823,2.589142,0.363356,5.692146,0.051177,0.384845,1.000000,4,0
2071,jitter,0.1500,21320824,2.606055,0.365730,5.782278,0.050674,0.384845,1.000000,2,0
2072,jitter,0.1500,21320825,2.594141,0.364057,5.713372,0.050925,0.384845,1.000000,8,0
2073,jitter,0.1500,21320826,2.601965,0.365155,5.759080,0.051307,0.384845,1.000000,0,0
2074,jitter,0.1500,21320827,2.598959,0.364734,5.752303,0.051272,0.384845,1.000000,2,0
2075,jitter,0.1500,21320828,2.599483,0.364807,5.776474,0.051561,0.384845,1.000000,8,0
2076,jitter,0.1500,21320829,2.595099,0.364192,5.692016,0.050579,0.384845,1.000000,8,0
2077,jitter,0.1500,21320830,2.606794,0.365833,5.784327,0.051401,0.384845,1.000000,2,0
2078,jitter,0.1500,21320831,2.627386,0.368723,5.888068,0.051460,0.384845,1.000000,4,0
2079,jitter,0.1500,21320832,2.614475,0.366911,5.835410,0.051742,0.384845,1.000000,6,0
2080,jitter,0.1500,21320833,2.614853,0.366964,5.800730,0.051374,0.384845,1.000000,4,0
2081,jitter,0.1500,21320834,2.590037,0.363482,5.704350,0.050530,0.384845,1.000000,2,0
2082,jitter,0.1500,21320835,2.594642,0.364128,5.781399,0.050823,0.384845,1.000000,6,0
2083,jitter,0.1500,21320836,2.598626,0.364687,5.710771,0.051660,0.384845,1.000000,2,0
2084,jitter,0.1500,21320837,2.604821,0.365556,5.718882,0.051432,0.384845,1.000000,4,0
2085,jitter,0.1500,21320838,2.612320,0.366609,5.783628,0.050663,0.384845,1.000000,4,0
2086,jitter,0.1500,21320839,2.610603,0.366368,5.797557,0.051245,0.384845,1.000000,2,0
2087,jitter,0.1500,21320840,2.602092,0.365173,5.749068,0.051013,0.384845,1.000000,10,0
2088,jitter,0.1500,21320841,2.612157,0.366586,5.828693,0.052009,0.384845,1.000000,2,0
2089,jitter,0.1500,21320842,2.595380,0.364231,5.768068,0.050894,0.384845,1.000000,10,0
2090,jitter,0.1500,21320843,2.612839,0.366682,5.839332,0.051344,0.384845,1.000000,7,0
2091,jitter,0.1500,21320844,2.593831,0.364014,5.775611,0.051009,0.384845,1.000000,4,0
2092,jitter,0.1500,21320845,2.596375,0.364371,5.718816,0.050635,0.384845,1.000000,4,0
2093,jitter,0.1500,21320846,2.601649,0.365111,5.772085,0.051337,0.384845,1.000000,6,0
2094,jitter,0.1500,21320847,2.593455,0.363961,5.752340,0.051332,0.384845,1.000000,6,0
2095,jitter,0.1500,21320848,2.617694,0.367363,5.818730,0.051502,0.384845,1.000000,6,0
2096,jitter,0.1500,21320849,2.583309,0.362537,5.692746,0.050884,0.384845,1.000000,12,0
2097,jitter,0.1500,21320850,2.598423,0.364658,5.743777,0.051262,0.384845,1.000000,4,0
2098,jitter,0.1500,21320851,2.613806,0.366817,5.830562,0.050996,0.384845,1.000000,4,0
2099,jitter,0.1500,21320852,2.625180,0.368413,5.850873,0.052033,0.384845,1.000000,2,0
2100,jitter,0.1500,21320853,2.619211,0.367576,5.802612,0.050531,0.384845,1.000000,10,0
2101,jitter,0.1500,21320854,2.608538,0.366078,5.803964,0.051756,0.384845,1.000000,10,0
2102,jitter,0.1500,21320855,2.608298,0.366044,5.819522,0.051587,0.384845,1.000000,6,0
2103,jitter,0.1500,21320856,2.602024,0.365164,5.762757,0.051104,0.384845,1.000000,0,0
2104,jitter,0.1500,21320857,2.608663,0.366095,5.811525,0.051667,0.384845,1.000000,8,0
2105,jitter,0.1500,21320858,2.616519,0.367198,5.822654,0.050983,0.384845,1.000000,4,0
2106,jitter,0.1500,21320859,2.601199,0.365048,5.758859,0.051801,0.384845,1.000000,8,0
2107,jitter,0.1500,21320860,2.615445,0.367047,5.882690,0.051493,0.384845,1.000000,10,0
2108,jitter,0.1500,21320861,2.606355,0.365772,5.781235,0.051015,0.384845,1.000000,2,0
2109,jitter,0.1500,21320862,2.607503,0.365933,5.787225,0.051457,0.384845,1.000000,6,0
2110,jitter,0.1500,21320863,2.599264,0.364776,5.786797,0.051628,0.384845,1.000000,6,0
2111,jitter,0.2000,21330784,2.597428,0.364519,5.776919,0.051222,0.384845,1.000000,26,0
2112,jitter,0.2000,21330785,2.591948,0.363750,5.711981,0.051299,0.384845,1.000000,55,0
2113,jitter,0.2000,21330786,2.593598,0.363981,5.710429,0.051332,0.384845,1.000000,21,0
2114,jitter,0.2000,21330787,2.599128,0.364757,5.798748,0.051652,0.384845,1.000000,26,0
2115,jitter,0.2000,21330788,2.586215,0.362945,5.709340,0.051229,0.384845,1.000000,31,0
2116,jitter,0.2000,21330789,2.593145,0.363918,5.699823,0.051009,0.384845,1.000000,28,0
2117,jitter,0.2000,21330790,2.588210,0.363225,5.693010,0.050354,0.384845,1.000000,13,0
2118,jitter,0.2000,21330791,2.585837,0.362892,5.664063,0.050758,0.384845,1.000000,25,0
2119,jitter,0.2000,21330792,2.576528,0.361586,5.705504,0.050703,0.384845,1.000000,24,0
2120,jitter,0.2000,21330793,2.597709,0.364558,5.758589,0.051652,0.384845,1.000000,14,0
2121,jitter,0.2000,21330794,2.577668,0.361746,5.639273,0.050922,0.384845,1.000000,49,0
2122,jitter,0.2000,21330795,2.581441,0.362275,5.643854,0.050327,0.384845,1.000000,36,0
2123,jitter,0.2000,21330796,2.603764,0.365408,5.811518,0.051475,0.384845,1.000000,26,0
2124,jitter,0.2000,21330797,2.593244,0.363932,5.723441,0.050663,0.384845,1.000000,20,0
2125,jitter,0.2000,21330798,2.595751,0.364283,5.742236,0.051248,0.384845,1.000000,55,0
2126,jitter,0.2000,21330799,2.570330,0.360716,5.603568,0.050850,0.384845,1.000000,19,0
2127,jitter,0.2000,21330800,2.598477,0.364666,5.660786,0.050613,0.384845,1.000000,49,0
2128,jitter,0.2000,21330801,2.589432,0.363397,5.685074,0.051148,0.384845,1.000000,19,0
2129,jitter,0.2000,21330802,2.575492,0.361440,5.696982,0.050633,0.384845,1.000000,33,0
2130,jitter,0.2000,21330803,2.586843,0.363033,5.680558,0.050840,0.384845,1.000000,44,0
2131,jitter,0.2000,21330804,2.607733,0.365965,5.766382,0.051507,0.384845,1.000000,38,0
2132,jitter,0.2000,21330805,2.586229,0.362947,5.660037,0.051600,0.384845,1.000000,33,0
2133,jitter,0.2000,21330806,2.589125,0.363354,5.713923,0.050832,0.384845,1.000000,34,0
2134,jitter,0.2000,21330807,2.585920,0.362904,5.661539,0.050895,0.384845,1.000000,45,0
2135,jitter,0.2000,21330808,2.594712,0.364138,5.695873,0.051027,0.384845,1.000000,10,0
2136,jitter,0.2000,21330809,2.578065,0.361801,5.647110,0.051027,0.384845,1.000000,14,0
2137,jitter,0.2000,21330810,2.587535,0.363130,5.676232,0.050829,0.384845,1.000000,32,0
2138,jitter,0.2000,21330811,2.587423,0.363115,5.708266,0.051338,0.384845,1.000000,35,0
2139,jitter,0.2000,21330812,2.593935,0.364029,5.741087,0.050877,0.384845,1.000000,20,0
2140,jitter,0.2000,21330813,2.595999,0.364318,5.644907,0.049723,0.384845,1.000000,16,0
2141,jitter,0.2000,21330814,2.573150,0.361112,5.646231,0.050187,0.384845,1.000000,12,0
2142,jitter,0.2000,21330815,2.585154,0.362796,5.709940,0.051220,0.384845,1.000000,30,0
2143,jitter,0.2000,21330816,2.581173,0.362238,5.652245,0.051105,0.384845,1.000000,30,0
2144,jitter,0.2000,21330817,2.585486,0.362843,5.695886,0.051419,0.384845,1.000000,58,0
2145,jitter,0.2000,21330818,2.579449,0.361996,5.605016,0.050315,0.384845,1.000000,19,0
2146,jitter,0.2000,21330819,2.582867,0.362475,5.679304,0.050989,0.384845,1.000000,15,0
2147,jitter,0.2000,21330820,2.586313,0.362959,5.646109,0.050941,0.384845,1.000000,28,0
2148,jitter,0.2000,21330821,2.565571,0.360048,5.627815,0.050207,0.384845,1.000000,31,0
2149,jitter,0.2000,21330822,2.570766,0.360777,5.607530,0.050482,0.384845,1.000000,26,0
2150,jitter,0.2000,21330823,2.585537,0.362850,5.683192,0.051310,0.384845,1.000000,26,0
2151,jitter,0.2000,21330824,2.600361,0.364930,5.731398,0.051228,0.384845,1.000000,32,0
2152,jitter,0.2000,21330825,2.576603,0.361596,5.621680,0.050307,0.384845,1.000000,22,0
2153,jitter,0.2000,21330826,2.586359,0.362965,5.738035,0.051913,0.384845,1.000000,27,0
2154,jitter,0.2000,21330827,2.596408,0.364376,5.749662,0.051058,0.384845,1.000000,25,0
2155,jitter,0.2000,21330828,2.595518,0.364251,5.731153,0.050861,0.384845,1.000000,27,0
2156,jitter,0.2000,21330829,2.590010,0.363478,5.673453,0.050585,0.384845,1.000000,44,0
2157,jitter,0.2000,21330830,2.597055,0.364466,5.731001,0.051185,0.384845,1.000000,10,0
2158,jitter,0.2000,21330831,2.574084,0.361243,5.670584,0.050086,0.384845,1.000000,28,0
2159,jitter,0.2000,21330832,2.582296,0.362395,5.702643,0.051404,0.384845,1.000000,34,0
2160,jitter,0.2000,21330833,2.591547,0.363694,5.694098,0.050189,0.384845,1.000000,32,0
2161,jitter,0.2000,21330834,2.586920,0.363044,5.733995,0.051493,0.384845,1.000000,29,0
2162,jitter,0.2000,21330835,2.590826,0.363592,5.738788,0.051059,0.384845,1.000000,10,0
2163,jitter,0.2000,21330836,2.601526,0.365094,5.737570,0.051489,0.384845,1.000000,19,0
2164,jitter,0.2000,21330837,2.582021,0.362357,5.729594,0.050793,0.384845,1.000000,23,0
2165,jitter,0.2000,21330838,2.578760,0.361899,5.727045,0.051229,0.384845,1.000000,41,0
2166,jitter,0.2000,21330839,2.595626,0.364266,5.738700,0.050751,0.384845,1.000000,26,0
2167,jitter,0.2000,21330840,2.586524,0.362989,5.681760,0.050326,0.384845,1.000000,21,0
2168,jitter,0.2000,21330841,2.594933,0.364169,5.719072,0.050959,0.384845,1.000000,21,0
2169,jitter,0.2000,21330842,2.606979,0.365859,5.784529,0.050887,0.384845,1.000000,35,0
2170,jitter,0.2000,21330843,2.593487,0.363966,5.716726,0.050447,0.384845,1.000000,17,0
2171,jitter,0.2000,21330844,2.581733,0.362316,5.677187,0.051224,0.384845,1.000000,47,0
2172,jitter,0.2000,21330845,2.587602,0.363140,5.680711,0.051000,0.384845,1.000000,36,0
2173,jitter,0.2000,21330846,2.591376,0.363670,5.704197,0.051243,0.384845,1.000000,31,0
2174,jitter,0.2000,21330847,2.596062,0.364327,5.714609,0.050339,0.384845,1.000000,26,0
2175,jitter,0.2000,21330848,2.571159,0.360832,5.649740,0.050659,0.384845,1.000000,46,0
2176,jitter,0.2000,21330849,2.579983,0.362071,5.611424,0.050438,0.384845,1.000000,17,0
2177,jitter,0.2000,21330850,2.569166,0.360553,5.586808,0.049967,0.384845,1.000000,33,0
2178,jitter,0.2000,21330851,2.580049,0.362080,5.706523,0.051984,0.384845,1.000000,31,0
2179,jitter,0.2000,21330852,2.584178,0.362659,5.679078,0.050469,0.384845,1.000000,16,0
2180,jitter,0.2000,21330853,2.588266,0.363233,5.781302,0.051170,0.384845,1.000000,29,0
2181,jitter,0.2000,21330854,2.592518,0.363830,5.711667,0.051110,0.384845,1.000000,26,0
2182,jitter,0.2000,21330855,2.592553,0.363835,5.713577,0.050344,0.384845,1.000000,34,0
2183,jitter,0.2000,21330856,2.587570,0.363135,5.686281,0.050503,0.384845,1.000000,27,0
2184,jitter,0.2000,21330857,2.607274,0.365901,5.779983,0.051487,0.384845,1.000000,15,0
2185,jitter,0.2000,21330858,2.590831,0.363593,5.739524,0.050763,0.384845,1.000000,32,0
2186,jitter,0.2000,21330859,2.590047,0.363483,5.701788,0.051559,0.384845,1.000000,17,0
2187,jitter,0.2000,21330860,2.603214,0.365331,5.748033,0.051327,0.384845,1.000000,17,0
2188,jitter,0.2000,21330861,2.585185,0.362801,5.706910,0.050421,0.384845,1.000000,16,0
2189,jitter,0.2000,21330862,2.588607,0.363281,5.682856,0.051015,0.384845,1.000000,37,0
2190,jitter,0.2000,21330863,2.582876,0.362477,5.696535,0.051303,0.384845,1.000000,12,0
2191,jitter,0.2500,21340784,2.574535,0.361306,5.645300,0.050796,0.384845,1.000000,37,0
2192,jitter,0.2500,21340785,2.585598,0.362859,5.623176,0.050243,0.384845,1.000000,73,0
2193,jitter,0.2500,21340786,2.561133,0.359425,5.534124,0.050578,0.384845,1.000000,46,0
2194,jitter,0.2500,21340787,2.561743,0.359511,5.491139,0.050109,0.384845,1.000000,82,0
2195,jitter,0.2500,21340788,2.582355,0.362403,5.616194,0.050628,0.384845,1.000000,42,0
2196,jitter,0.2500,21340789,2.571142,0.360830,5.576229,0.049351,0.384845,1.000000,60,0
2198,jitter,0.2500,21340791,2.590051,0.363484,5.704071,0.050496,0.384845,1.000000,50,0
2199,jitter,0.2500,21340792,2.570042,0.360676,5.613137,0.050482,0.384845,1.000000,67,0
2200,jitter,0.2500,21340793,2.569898,0.360655,5.538309,0.049763,0.384845,1.000000,118,0
2201,jitter,0.2500,21340794,2.582414,0.362412,5.665833,0.049990,0.384845,1.000000,110,0
2202,jitter,0.2500,21340795,2.579003,0.361933,5.611254,0.050398,0.384845,1.000000,76,0
2203,jitter,0.2500,21340796,2.583933,0.362625,5.629759,0.051099,0.384845,1.000000,56,0
2204,jitter,0.2500,21340797,2.591053,0.363624,5.614013,0.050118,0.384845,1.000000,57,0
2205,jitter,0.2500,21340798,2.563268,0.359725,5.584196,0.049537,0.384845,1.000000,32,0
2206,jitter,0.2500,21340799,2.575041,0.361377,5.570262,0.050512,0.384845,1.000000,60,0
2207,jitter,0.2500,21340800,2.581919,0.362342,5.634129,0.050654,0.384845,1.000000,105,0
2208,jitter,0.2500,21340801,2.578645,0.361883,5.648788,0.050482,0.384845,1.000000,104,0
2209,jitter,0.2500,21340802,2.569181,0.360555,5.594435,0.051043,0.384845,1.000000,69,0
2210,jitter,0.2500,21340803,2.579890,0.362058,5.587395,0.050266,0.384845,1.000000,36,0
2211,jitter,0.2500,21340804,2.590935,0.363608,5.659346,0.050742,0.384845,1.000000,71,0
2212,jitter,0.2500,21340805,2.588804,0.363309,5.700217,0.050804,0.384845,1.000000,111,0
2213,jitter,0.2500,21340806,2.570096,0.360683,5.587085,0.049878,0.384845,1.000000,61,0
2214,jitter,0.2500,21340807,2.602860,0.365281,5.759905,0.050685,0.384845,1.000000,71,0
2215,jitter,0.2500,21340808,2.602346,0.365209,5.692875,0.050400,0.384845,1.000000,74,0
2216,jitter,0.2500,21340809,2.575872,0.361494,5.600257,0.050473,0.384845,1.000000,22,0
2217,jitter,0.2500,21340810,2.567792,0.360360,5.575452,0.050389,0.384845,1.000000,66,0
2218,jitter,0.2500,21340811,2.607478,0.365929,5.717230,0.050496,0.384845,1.000000,105,0
2219,jitter,0.2500,21340812,2.571463,0.360875,5.554412,0.049462,0.384845,1.000000,91,0
2220,jitter,0.2500,21340813,2.581200,0.362241,5.663855,0.050954,0.384845,1.000000,131,0
2221,jitter,0.2500,21340814,2.581957,0.362348,5.599418,0.050752,0.384845,1.000000,80,0
2222,jitter,0.2500,21340815,2.577116,0.361668,5.606829,0.049846,0.384845,1.000000,68,0
2223,jitter,0.2500,21340816,2.584452,0.362698,5.655465,0.050754,0.384845,1.000000,67,0
2224,jitter,0.2500,21340817,2.575615,0.361458,5.632417,0.049785,0.384845,1.000000,63,0
2225,jitter,0.2500,21340818,2.572090,0.360963,5.640421,0.050631,0.384845,1.000000,52,0
2226,jitter,0.2500,21340819,2.574955,0.361365,5.590176,0.049749,0.384845,1.000000,68,0
2227,jitter,0.2500,21340820,2.569424,0.360589,5.579206,0.050129,0.384845,1.000000,101,0
2228,jitter,0.2500,21340821,2.575553,0.361449,5.553221,0.049847,0.384845,1.000000,47,0
2229,jitter,0.2500,21340822,2.595022,0.364181,5.678498,0.050251,0.384845,1.000000,54,0
2230,jitter,0.2500,21340823,2.564964,0.359963,5.548121,0.050092,0.384845,1.000000,121,0
2231,jitter,0.2500,21340824,2.585880,0.362898,5.666560,0.050205,0.384845,1.000000,152,0
2232,jitter,0.2500,21340825,2.578200,0.361820,5.593689,0.050629,0.384845,1.000000,65,0
2233,jitter,0.2500,21340826,2.559039,0.359131,5.541012,0.049656,0.384845,1.000000,120,0
2234,jitter,0.2500,21340827,2.583841,0.362612,5.626350,0.050429,0.384845,1.000000,68,0
2235,jitter,0.2500,21340828,2.566114,0.360124,5.553536,0.050214,0.384845,1.000000,37,0
2236,jitter,0.2500,21340829,2.570275,0.360708,5.608341,0.050788,0.384845,1.000000,133,0
2237,jitter,0.2500,21340830,2.565114,0.359984,5.478632,0.049537,0.384845,1.000000,62,0
2238,jitter,0.2500,21340831,2.585816,0.362889,5.701317,0.050566,0.384845,1.000000,57,0
2239,jitter,0.2500,21340832,2.585479,0.362842,5.626711,0.050320,0.384845,1.000000,100,0
2240,jitter,0.2500,21340833,2.583837,0.362611,5.679466,0.050082,0.384845,1.000000,101,0
2241,jitter,0.2500,21340834,2.573005,0.361091,5.635922,0.050037,0.384845,1.000000,56,0
2242,jitter,0.2500,21340835,2.581427,0.362273,5.699802,0.050307,0.384845,1.000000,92,0
2243,jitter,0.2500,21340836,2.577790,0.361763,5.596215,0.050058,0.384845,1.000000,109,0
2244,jitter,0.2500,21340837,2.593318,0.363942,5.675760,0.050433,0.384845,1.000000,87,0
2245,jitter,0.2500,21340838,2.567834,0.360366,5.602505,0.050194,0.384845,1.000000,45,0
2246,jitter,0.2500,21340839,2.575561,0.361450,5.626477,0.050807,0.384845,1.000000,43,0
2247,jitter,0.2500,21340840,2.585051,0.362782,5.683641,0.049926,0.384845,1.000000,66,0
2248,jitter,0.2500,21340841,2.587521,0.363129,5.660620,0.051036,0.384845,1.000000,95,0
2249,jitter,0.2500,21340842,2.578419,0.361851,5.598844,0.050446,0.384845,1.000000,73,0
2250,jitter,0.2500,21340843,2.586696,0.363013,5.668267,0.049571,0.384845,1.000000,69,0
2251,jitter,0.2500,21340844,2.581282,0.362253,5.603175,0.049346,0.384845,1.000000,61,0
2252,jitter,0.2500,21340845,2.570899,0.360796,5.572275,0.050938,0.384845,1.000000,121,0
2253,jitter,0.2500,21340846,2.583299,0.362536,5.663782,0.050703,0.384845,1.000000,75,0
2254,jitter,0.2500,21340847,2.587410,0.363113,5.612841,0.049988,0.384845,1.000000,34,0
2255,jitter,0.2500,21340848,2.583260,0.362530,5.643165,0.050004,0.384845,1.000000,143,0
2256,jitter,0.2500,21340849,2.590798,0.363588,5.640025,0.050629,0.384845,1.000000,52,0
2257,jitter,0.2500,21340850,2.605194,0.365609,5.725125,0.051289,0.384845,1.000000,109,0
2258,jitter,0.2500,21340851,2.582375,0.362406,5.680804,0.050593,0.384845,1.000000,60,0
2259,jitter,0.2500,21340852,2.592737,0.363861,5.624787,0.050378,0.384845,1.000000,50,0
2260,jitter,0.2500,21340853,2.590771,0.363585,5.637602,0.050335,0.384845,1.000000,88,0
2261,jitter,0.2500,21340854,2.564313,0.359871,5.574409,0.050643,0.384845,1.000000,63,0
2262,jitter,0.2500,21340855,2.584069,0.362644,5.656915,0.050550,0.384845,1.000000,49,0
2263,jitter,0.2500,21340856,2.589161,0.363359,5.674824,0.050951,0.384845,1.000000,40,0
2264,jitter,0.2500,21340857,2.595664,0.364271,5.723514,0.050715,0.384845,1.000000,82,0
2265,jitter,0.2500,21340858,2.573267,0.361128,5.550923,0.050018,0.384845,1.000000,86,0
2266,jitter,0.2500,21340859,2.581928,0.362344,5.643454,0.050278,0.384845,1.000000,59,0
2267,jitter,0.2500,21340860,2.576391,0.361567,5.584836,0.050464,0.384845,1.000000,101,0
2268,jitter,0.2500,21340861,2.567201,0.360277,5.590007,0.050263,0.384845,1.000000,59,0
2269,jitter,0.2500,21340862,2.561307,0.359450,5.561804,0.050312,0.384845,1.000000,130,0
2270,jitter,0.2500,21340863,2.584766,0.362742,5.652654,0.050820,0.384845,1.000000,82,0
2271,jitter,0.3000,21350784,2.565788,0.360079,5.552076,0.049370,0.384845,1.000000,67,0
2272,jitter,0.3000,21350785,2.577528,0.361726,5.649051,0.050201,0.384845,1.000000,69,0
2273,jitter,0.3000,21350786,2.564834,0.359945,5.494272,0.049251,0.384845,1.000000,112,0
2274,jitter,0.3000,21350787,2.562817,0.359662,5.525636,0.049717,0.384845,1.000000,80,0
2275,jitter,0.3000,21350788,2.566359,0.360159,5.556673,0.050328,0.384845,1.000000,123,0
2276,jitter,0.3000,21350789,2.565534,0.360043,5.512093,0.049023,0.384845,1.000000,198,0
2277,jitter,0.3000,21350790,2.581413,0.362271,5.607442,0.050077,0.384845,1.000000,106,0
2278,jitter,0.3000,21350791,2.580390,0.362128,5.604645,0.050717,0.384845,1.000000,201,0
2279,jitter,0.3000,21350792,2.583246,0.362528,5.610520,0.050152,0.384845,1.000000,132,0
2280,jitter,0.3000,21350793,2.584401,0.362691,5.566769,0.048933,0.384845,1.000000,225,0
2281,jitter,0.3000,21350794,2.570643,0.360760,5.577443,0.049544,0.384845,1.000000,122,0
2282,jitter,0.3000,21350795,2.578252,0.361828,5.591943,0.050406,0.384845,1.000000,227,0
2283,jitter,0.3000,21350796,2.588460,0.363260,5.625021,0.049888,0.384845,1.000000,167,0
2284,jitter,0.3000,21350797,2.576636,0.361601,5.543830,0.049717,0.384845,1.000000,250,0
2285,jitter,0.3000,21350798,2.592740,0.363861,5.642963,0.049941,0.384845,1.000000,50,0
2286,jitter,0.3000,21350799,2.566067,0.360118,5.521401,0.050299,0.384845,1.000000,151,0
2287,jitter,0.3000,21350800,2.579379,0.361986,5.643153,0.050703,0.384845,1.000000,308,0
2288,jitter,0.3000,21350801,2.585095,0.362788,5.645867,0.050095,0.384845,1.000000,132,0
2289,jitter,0.3000,21350802,2.568236,0.360422,5.571263,0.049496,0.384845,1.000000,172,0
2290,jitter,0.3000,21350803,2.587267,0.363093,5.633616,0.050332,0.384845,1.000000,169,0
2291,jitter,0.3000,21350804,2.592053,0.363764,5.607533,0.049408,0.384845,1.000000,316,0
2292,jitter,0.3000,21350805,2.584701,0.362733,5.583540,0.049372,0.384845,1.000000,212,0
2293,jitter,0.3000,21350806,2.587918,0.363184,5.579863,0.049466,0.384845,1.000000,162,0
2294,jitter,0.3000,21350807,2.563160,0.359710,5.561381,0.050031,0.384845,1.000000,166,0
2295,jitter,0.3000,21350808,2.573266,0.361128,5.550020,0.049562,0.384845,1.000000,154,0
2296,jitter,0.3000,21350809,2.563464,0.359752,5.506223,0.049583,0.384845,1.000000,144,0
2297,jitter,0.3000,21350810,2.560046,0.359273,5.542977,0.049953,0.384845,1.000000,235,0
2298,jitter,0.3000,21350811,2.571317,0.360854,5.548219,0.049637,0.384845,1.000000,129,0
2299,jitter,0.3000,21350812,2.582111,0.362369,5.584604,0.049821,0.384845,1.000000,155,0
2300,jitter,0.3000,21350813,2.565852,0.360087,5.522600,0.049732,0.384845,1.000000,214,0
2301,jitter,0.3000,21350814,2.569017,0.360532,5.575568,0.049634,0.384845,1.000000,292,0
2302,jitter,0.3000,21350815,2.560558,0.359345,5.559810,0.050229,0.384845,1.000000,190,0
2303,jitter,0.3000,21350816,2.577164,0.361675,5.649321,0.050210,0.384845,1.000000,241,0
2304,jitter,0.3000,21350817,2.576644,0.361602,5.580197,0.049609,0.384845,1.000000,157,0
2305,jitter,0.3000,21350818,2.562080,0.359558,5.509504,0.050437,0.384845,1.000000,194,0
2306,jitter,0.3000,21350819,2.570790,0.360780,5.550229,0.049643,0.384845,1.000000,75,0
2307,jitter,0.3000,21350820,2.565685,0.360064,5.539338,0.049364,0.384845,1.000000,171,0
2308,jitter,0.3000,21350821,2.558099,0.358999,5.544229,0.049169,0.384845,1.000000,194,0
2309,jitter,0.3000,21350822,2.566237,0.360141,5.496027,0.049378,0.384845,1.000000,216,0
2310,jitter,0.3000,21350823,2.572894,0.361076,5.597988,0.050309,0.384845,1.000000,150,0
2311,jitter,0.3000,21350824,2.568584,0.360471,5.586289,0.049855,0.384845,1.000000,190,0
2312,jitter,0.3000,21350825,2.559430,0.359186,5.472240,0.049366,0.384845,1.000000,247,0
2313,jitter,0.3000,21350826,2.582361,0.362404,5.651994,0.050879,0.384845,1.000000,193,0
2314,jitter,0.3000,21350827,2.578713,0.361892,5.498831,0.049221,0.384845,1.000000,265,0
2315,jitter,0.3000,21350828,2.570738,0.360773,5.607799,0.049313,0.384845,1.000000,260,0
2316,jitter,0.3000,21350829,2.579971,0.362069,5.623574,0.051607,0.384845,1.000000,181,0
2317,jitter,0.3000,21350830,2.568465,0.360454,5.532108,0.049224,0.384845,1.000000,239,0
2318,jitter,0.3000,21350831,2.573190,0.361117,5.563393,0.049949,0.384845,1.000000,192,0
2319,jitter,0.3000,21350832,2.583256,0.362530,5.573537,0.048932,0.384845,1.000000,149,0
2320,jitter,0.3000,21350833,2.564576,0.359908,5.547615,0.049834,0.384845,1.000000,126,0
2321,jitter,0.3000,21350834,2.579285,0.361973,5.627091,0.050287,0.384845,1.000000,309,0
2322,jitter,0.3000,21350835,2.575100,0.361385,5.601022,0.050204,0.384845,1.000000,194,0
2323,jitter,0.3000,21350836,2.570510,0.360741,5.554012,0.049521,0.384845,1.000000,182,0
2324,jitter,0.3000,21350837,2.574877,0.361354,5.609933,0.049847,0.384845,1.000000,148,0
2325,jitter,0.3000,21350838,2.571829,0.360926,5.568561,0.049467,0.384845,1.000000,361,0
2326,jitter,0.3000,21350839,2.563736,0.359790,5.551887,0.050093,0.384845,1.000000,165,0
2327,jitter,0.3000,21350840,2.572955,0.361084,5.538277,0.049942,0.384845,1.000000,167,0
2328,jitter,0.3000,21350841,2.564616,0.359914,5.539981,0.049529,0.384845,1.000000,123,0
2329,jitter,0.3000,21350842,2.562381,0.359600,5.525679,0.049506,0.384845,1.000000,186,0
2330,jitter,0.3000,21350843,2.575312,0.361415,5.542317,0.049176,0.384845,1.000000,162,0
2331,jitter,0.3000,21350844,2.584163,0.362657,5.651368,0.049997,0.384845,1.000000,223,0
2332,jitter,0.3000,21350845,2.569018,0.360532,5.547244,0.049370,0.384845,1.000000,320,0
2333,jitter,0.3000,21350846,2.582193,0.362381,5.633493,0.049504,0.384845,1.000000,179,0
2334,jitter,0.3000,21350847,2.562069,0.359557,5.526774,0.049635,0.384845,1.000000,171,0
2335,jitter,0.3000,21350848,2.577595,0.361735,5.609252,0.051081,0.384845,1.000000,356,0
2336,jitter,0.3000,21350849,2.569301,0.360572,5.584032,0.050022,0.384845,1.000000,216,0
2337,jitter,0.3000,21350850,2.553373,0.358336,5.497186,0.049233,0.384845,1.000000,177,0
2338,jitter,0.3000,21350851,2.565808,0.360081,5.539121,0.049791,0.384845,1.000000,119,0
2339,jitter,0.3000,21350852,2.581702,0.362312,5.593907,0.049910,0.384845,1.000000,155,0
2340,jitter,0.3000,21350853,2.571063,0.360819,5.573810,0.049296,0.384845,1.000000,102,0
2341,jitter,0.3000,21350854,2.574928,0.361361,5.544624,0.049783,0.384845,1.000000,166,0
2342,jitter,0.3000,21350855,2.555072,0.358575,5.548598,0.050022,0.384845,1.000000,71,0
2343,jitter,0.3000,21350856,2.573381,0.361144,5.587530,0.050419,0.384845,1.000000,114,0
2344,jitter,0.3000,21350857,2.559443,0.359188,5.506963,0.049964,0.384845,1.000000,205,0
2345,jitter,0.3000,21350858,2.570755,0.360776,5.573434,0.050502,0.384845,1.000000,194,0
2346,jitter,0.3000,21350859,2.583466,0.362559,5.640912,0.049552,0.384845,1.000000,277,0
2347,jitter,0.3000,21350860,2.567597,0.360332,5.512862,0.049156,0.384845,1.000000,130,0
2348,jitter,0.3000,21350861,2.577095,0.361665,5.577860,0.050607,0.384845,1.000000,196,0
2349,jitter,0.3000,21350862,2.564628,0.359916,5.576951,0.050158,0.384845,1.000000,374,0
2350,jitter,0.3000,21350863,2.566564,0.360187,5.537645,0.049155,0.384845,1.000000,70,0
2433,radius,0.0400,22270786,2.495783,0.350254,4.843640,0.038976,0.384845,1.003860,0,0
2438,radius,0.0400,22270791,2.518715,0.353472,4.889900,0.039456,0.384845,1.000952,0,0
2445,radius,0.0400,22270798,2.527197,0.354663,4.930274,0.039735,0.384845,0.996813,0,0
2446,radius,0.0400,22270799,2.490853,0.349562,4.765941,0.038390,0.384845,1.002724,0,0
2455,radius,0.0400,22270808,2.511491,0.352459,4.879818,0.039252,0.384845,1.001309,0,0
2457,radius,0.0400,22270810,2.501075,0.350997,4.836882,0.038815,0.384845,0.998080,0,0
2459,radius,0.0400,22270812,2.510998,0.352389,4.861664,0.038906,0.384845,1.005350,0,0
2460,radius,0.0400,22270813,2.506838,0.351806,4.968205,0.039533,0.384845,1.002306,0,0
2462,radius,0.0400,22270815,2.515250,0.352986,4.900500,0.039544,0.384845,0.994851,0,0
2471,radius,0.0400,22270824,2.501845,0.351105,4.846111,0.038751,0.384845,1.001899,0,0
2474,radius,0.0400,22270827,2.505934,0.351679,4.859316,0.039150,0.384845,0.999700,0,0
2482,radius,0.0400,22270835,2.498782,0.350675,4.849327,0.038556,0.384845,1.006100,0,0
2489,radius,0.0400,22270842,2.499049,0.350712,4.887372,0.038632,0.384845,0.999135,0,0
2495,radius,0.0400,22270848,2.502711,0.351226,4.903607,0.039882,0.384845,1.001835,0,0
2499,radius,0.0400,22270852,2.523932,0.354205,4.957624,0.040765,0.384845,0.995186,0,0
2501,radius,0.0400,22270854,2.496017,0.350287,4.824704,0.038930,0.384845,1.004584,0,0
2502,radius,0.0400,22270855,2.517252,0.353267,4.941520,0.039693,0.384845,1.003721,0,0
2503,radius,0.0400,22270856,2.513177,0.352695,4.875594,0.039531,0.384845,1.005565,0,0
2507,radius,0.0400,22270860,2.510413,0.352307,4.828917,0.039112,0.384845,0.996696,0,0
2511,radius,0.0600,22280784,2.527573,0.354716,5.002723,0.040580,0.384845,1.000262,0,0
2514,radius,0.0600,22280787,2.536703,0.355997,5.068925,0.041197,0.384845,0.997478,0,0
2516,radius,0.0600,22280789,2.544833,0.357138,5.086965,0.041326,0.384845,0.995702,0,0
2520,radius,0.0600,22280793,2.536294,0.355939,5.069149,0.041628,0.384845,1.001445,0,0
2522,radius,0.0600,22280795,2.542121,0.356757,5.146232,0.041620,0.384845,1.006258,0,0
2524,radius,0.0600,22280797,2.552649,0.358235,5.140092,0.041621,0.384845,0.998471,0,0
2526,radius,0.0600,22280799,2.530444,0.355118,4.987239,0.040545,0.384845,1.004871,0,0
2527,radius,0.0600,22280800,2.541306,0.356643,5.095107,0.040976,0.384845,1.007885,0,0
2528,radius,0.0600,22280801,2.540215,0.356490,5.057974,0.040962,0.384845,1.001452,0,0
2530,radius,0.0600,22280803,2.522734,0.354036,4.962708,0.040126,0.384845,0.998530,0,0
2531,radius,0.0600,22280804,2.555721,0.358666,5.141707,0.041893,0.384845,1.001149,0,0
2533,radius,0.0600,22280806,2.527610,0.354721,5.008750,0.040807,0.384845,0.995682,0,0
2536,radius,0.0600,22280809,2.540283,0.356499,5.054915,0.041074,0.384845,0.998047,0,0
2540,radius,0.0600,22280813,2.531316,0.355241,5.026005,0.040672,0.384845,0.999724,0,0
2541,radius,0.0600,22280814,2.543897,0.357006,5.144506,0.041849,0.384845,1.006705,0,0
2549,radius,0.0600,22280822,2.542653,0.356832,5.095850,0.041411,0.384845,1.002868,0,0
2551,radius,0.0600,22280824,2.531397,0.355252,5.041334,0.040644,0.384845,0.997980,0,0
2553,radius,0.0600,22280826,2.546374,0.357354,5.161238,0.041902,0.384845,1.000897,0,0
2554,radius,0.0600,22280827,2.528569,0.354855,5.017991,0.040233,0.384845,1.001508,0,0
2555,radius,0.0600,22280828,2.530736,0.355159,5.015598,0.040536,0.384845,0.998813,0,0
2558,radius,0.0600,22280831,2.542253,0.356776,5.084320,0.041326,0.384845,1.008755,0,0
2563,radius,0.0600,22280836,2.507034,0.351833,4.900474,0.039774,0.384845,1.009790,0,0
2569,radius,0.0600,22280842,2.529864,0.355037,5.004099,0.040252,0.384845,0.998782,0,0
2574,radius,0.0600,22280847,2.529645,0.355006,5.012105,0.040453,0.384845,1.002850,0,0
2576,radius,0.0600,22280849,2.543510,0.356952,5.027310,0.040780,0.384845,0.996889,0,0
2578,radius,0.0600,22280851,2.550244,0.357897,5.192936,0.042031,0.384845,0.999418,0,0
2580,radius,0.0600,22280853,2.553835,0.358401,5.155001,0.041874,0.384845,1.012937,0,0
2582,radius,0.0600,22280855,2.552500,0.358214,5.144717,0.042114,0.384845,0.999574,0,0
2586,radius,0.0600,22280859,2.539137,0.356338,5.130487,0.041638,0.384845,0.999315,0,0
2588,radius,0.0600,22280861,2.532587,0.355419,5.101930,0.040857,0.384845,1.010473,0,0
2589,radius,0.0600,22280862,2.532389,0.355391,4.955061,0.040797,0.384845,0.990982,0,0
2591,radius,0.0800,22290784,2.555340,0.358612,5.236828,0.042420,0.384845,1.004494,0,0
2593,radius,0.0800,22290786,2.568102,0.360403,5.254830,0.042893,0.384845,0.996047,0,0
2594,radius,0.0800,22290787,2.550119,0.357880,5.123030,0.041819,0.384845,0.999002,0,0
2596,radius,0.0800,22290789,2.558695,0.359083,5.153752,0.042416,0.384845,0.993211,0,0
2597,radius,0.0800,22290790,2.566763,0.360215,5.226078,0.043094,0.384845,1.006400,0,0
2598,radius,0.0800,22290791,2.547873,0.357564,5.081197,0.041469,0.384845,0.994148,0,0
2599,radius,0.0800,22290792,2.575096,0.361385,5.221007,0.042845,0.384845,1.004596,0,0
2600,radius,0.0800,22290793,2.550172,0.357887,5.192558,0.042576,0.384845,1.001135,0,0
2601,radius,0.0800,22290794,2.555808,0.358678,5.203756,0.042475,0.384845,1.002650,0,0
2602,radius,0.0800,22290795,2.545733,0.357264,5.083298,0.041002,0.384845,1.001543,0,0
2604,radius,0.0800,22290797,2.559964,0.359261,5.232694,0.042756,0.384845,1.006959,0,0
2605,radius,0.0800,22290798,2.543620,0.356967,5.101049,0.041482,0.384845,1.001329,0,0
2607,radius,0.0800,22290800,2.544524,0.357094,5.160662,0.042119,0.384845,1.000658,0,0
2608,radius,0.0800,22290801,2.553460,0.358348,5.173989,0.042357,0.384845,0.996921,0,0
2610,radius,0.0800,22290803,2.536243,0.355932,5.025889,0.041313,0.384845,0.998134,0,0
2611,radius,0.0800,22290804,2.572187,0.360976,5.263262,0.043075,0.384845,1.003941,0,0
2612,radius,0.0800,22290805,2.552896,0.358269,5.173224,0.041957,0.384845,1.005209,0,0
2613,radius,0.0800,22290806,2.568438,0.360450,5.236350,0.043138,0.384845,1.000749,0,0
2614,radius,0.0800,22290807,2.558002,0.358986,5.201338,0.042623,0.384845,1.006745,0,0
2615,radius,0.0800,22290808,2.559314,0.359170,5.172156,0.042346,0.384845,1.003530,0,0
2616,radius,0.0800,22290809,2.558614,0.359072,5.187702,0.042989,0.384845,1.001943,0,0
2617,radius,0.0800,22290810,2.545252,0.357196,5.103779,0.041664,0.384845,0.989507,0,0
2618,radius,0.0800,22290811,2.550024,0.357866,5.140029,0.042271,0.384845,0.994819,0,0
2620,radius,0.0800,22290813,2.568508,0.360460,5.326912,0.043483,0.384845,1.001602,0,0
2622,radius,0.0800,22290815,2.562260,0.359583,5.239926,0.043294,0.384845,0.996268,0,0
2623,radius,0.0800,22290816,2.554354,0.358474,5.150807,0.042788,0.384845,0.998631,0,0
2624,radius,0.0800,22290817,2.568461,0.360454,5.287649,0.042897,0.384845,1.012662,0,0
2625,radius,0.0800,22290818,2.544660,0.357113,5.142855,0.042041,0.384845,0.998853,0,0
2626,radius,0.0800,22290819,2.553721,0.358385,5.194194,0.042236,0.384845,0.994500,0,0
2627,radius,0.0800,22290820,2.552173,0.358168,5.191630,0.042015,0.384845,1.002464,0,0
2628,radius,0.0800,22290821,2.570735,0.360773,5.239215,0.042831,0.384845,0.997484,0,0
2629,radius,0.0800,22290822,2.535828,0.355874,5.064768,0.041664,0.384845,1.005396,0,0
2631,radius,0.0800,22290824,2.555621,0.358652,5.224176,0.042537,0.384845,0.999512,0,0
2633,radius,0.0800,22290826,2.559649,0.359217,5.127422,0.041962,0.384845,0.998481,0,0
2634,radius,0.0800,22290827,2.566495,0.360178,5.217714,0.042787,0.384845,0.995935,0,0
2635,radius,0.0800,22290828,2.534068,0.355627,5.040420,0.041541,0.384845,1.000564,0,0
2636,radius,0.0800,22290829,2.547306,0.357485,5.151033,0.041966,0.384845,0.995662,0,0
2638,radius,0.0800,22290831,2.561853,0.359526,5.159062,0.042560,0.384845,1.006797,0,0
2640,radius,0.0800,22290833,2.529846,0.355034,5.015256,0.040764,0.384845,0.997177,0,0
2641,radius,0.0800,22290834,2.566181,0.360134,5.221301,0.042685,0.384845,0.995200,0,0
2642,radius,0.0800,22290835,2.556620,0.358792,5.176371,0.042543,0.384845,0.999983,0,0
2643,radius,0.0800,22290836,2.562736,0.359650,5.186585,0.042597,0.384845,1.008295,0,0
2645,radius,0.0800,22290838,2.582388,0.362408,5.326238,0.043462,0.384845,1.010956,0,0
2647,radius,0.0800,22290840,2.550779,0.357972,5.184141,0.041774,0.384845,0.993957,0,0
2648,radius,0.0800,22290841,2.557853,0.358965,5.146326,0.042400,0.384845,0.999247,0,0
2649,radius,0.0800,22290842,2.563519,0.359760,5.218542,0.043751,0.384845,0.989422,0,0
2650,radius,0.0800,22290843,2.565459,0.360032,5.254229,0.043492,0.384845,1.004967,0,0
2651,radius,0.0800,22290844,2.564482,0.359895,5.297013,0.042970,0.384845,0.997804,0,0
2653,radius,0.0800,22290846,2.546940,0.357433,5.165106,0.042305,0.384845,0.996787,0,0
2654,radius,0.0800,22290847,2.536890,0.356023,5.105623,0.041934,0.384845,0.993707,0,0
2655,radius,0.0800,22290848,2.564769,0.359935,5.185386,0.042560,0.384845,0.999768,0,0
2656,radius,0.0800,22290849,2.561265,0.359444,5.165723,0.042553,0.384845,1.002000,0,0
2657,radius,0.0800,22290850,2.551626,0.358091,5.156110,0.042505,0.384845,0.995388,0,0
2658,radius,0.0800,22290851,2.551481,0.358071,5.149070,0.042576,0.384845,0.999068,0,0
2659,radius,0.0800,22290852,2.557718,0.358946,5.103949,0.041794,0.384845,1.008272,0,0
2660,radius,0.0800,22290853,2.554336,0.358471,5.177283,0.042500,0.384845,0.994950,0,0
2661,radius,0.0800,22290854,2.547168,0.357465,5.152760,0.041923,0.384845,1.004346,0,0
2664,radius,0.0800,22290857,2.563267,0.359725,5.202850,0.042481,0.384845,0.987415,0,0
2665,radius,0.0800,22290858,2.538623,0.356266,5.082073,0.041546,0.384845,0.994369,0,0
2667,radius,0.0800,22290860,2.556008,0.358706,5.152269,0.041924,0.384845,1.010486,0,0
2668,radius,0.0800,22290861,2.541826,0.356716,5.135261,0.041559,0.384845,0.999782,0,0
2669,radius,0.0800,22290862,2.566162,0.360131,5.174032,0.042613,0.384845,0.990279,0,0
2670,radius,0.0800,22290863,2.544644,0.357111,5.162729,0.042237,0.384845,0.998817,0,0
2671,radius,0.1000,22300784,2.559566,0.359205,5.206113,0.042048,0.384845,0.995804,0,0
2672,radius,0.1000,22300785,2.574478,0.361298,5.301199,0.043891,0.384845,0.993004,0,0
2673,radius,0.1000,22300786,2.554234,0.358457,5.100253,0.041635,0.384845,0.993765,0,0
2674,radius,0.1000,22300787,2.582782,0.362463,5.392547,0.044673,0.384845,1.002576,0,0
2675,radius,0.1000,22300788,2.583245,0.362528,5.320193,0.044260,0.384845,0.993235,0,0
2676,radius,0.1000,22300789,2.567092,0.360261,5.253267,0.042857,0.384845,0.992515,0,0
2677,radius,0.1000,22300790,2.559442,0.359188,5.164357,0.042754,0.384845,0.988289,0,0
2678,radius,0.1000,22300791,2.581273,0.362252,5.293847,0.043702,0.384845,0.986842,0,0
2679,radius,0.1000,22300792,2.583403,0.362551,5.348024,0.044078,0.384845,0.981586,0,0
2680,radius,0.1000,22300793,2.582028,0.362358,5.333329,0.044309,0.384845,0.990304,0,0
2681,radius,0.1000,22300794,2.565841,0.360086,5.226471,0.043126,0.384845,0.986723,0,0
2682,radius,0.1000,22300795,2.579510,0.362004,5.343317,0.043773,0.384845,0.998280,0,0
2683,radius,0.1000,22300796,2.557832,0.358962,5.215662,0.042629,0.384845,0.996420,0,0
2684,radius,0.1000,22300797,2.566274,0.360147,5.254028,0.043054,0.384845,1.003115,0,0
2685,radius,0.1000,22300798,2.577258,0.361688,5.290698,0.043556,0.384845,1.011271,0,0
2686,radius,0.1000,22300799,2.580115,0.362089,5.348924,0.043671,0.384845,0.994346,0,0
2687,radius,0.1000,22300800,2.558634,0.359074,5.214476,0.042741,0.384845,1.001236,0,0
2688,radius,0.1000,22300801,2.595169,0.364202,5.498227,0.045743,0.384845,1.008780,0,0
2689,radius,0.1000,22300802,2.582051,0.362361,5.373945,0.044663,0.384845,1.000289,0,0
2690,radius,0.1000,22300803,2.568494,0.360458,5.293383,0.043470,0.384845,1.005866,0,0
2691,radius,0.1000,22300804,2.560571,0.359346,5.155818,0.042679,0.384845,0.997798,0,0
2692,radius,0.1000,22300805,2.576682,0.361607,5.300780,0.043405,0.384845,1.012602,0,0
2693,radius,0.1000,22300806,2.581407,0.362270,5.376377,0.044470,0.384845,0.991158,0,0
2694,radius,0.1000,22300807,2.573199,0.361119,5.308244,0.043739,0.384845,0.999058,0,0
2695,radius,0.1000,22300808,2.578337,0.361840,5.295899,0.043378,0.384845,1.006892,0,0
2696,radius,0.1000,22300809,2.582476,0.362420,5.289013,0.043848,0.384845,0.997332,0,0
2697,radius,0.1000,22300810,2.570167,0.360693,5.288572,0.043492,0.384845,0.993100,0,0
2698,radius,0.1000,22300811,2.556152,0.358726,5.222761,0.042534,0.384845,1.004730,0,0
2699,radius,0.1000,22300812,2.566679,0.360204,5.240985,0.042795,0.384845,0.977952,0,0
2700,radius,0.1000,22300813,2.569675,0.360624,5.278521,0.043277,0.384845,1.012921,0,0
2701,radius,0.1000,22300814,2.567935,0.360380,5.246810,0.043115,0.384845,1.005152,0,0
2702,radius,0.1000,22300815,2.561145,0.359427,5.229358,0.042347,0.384845,1.012527,0,0
2703,radius,0.1000,22300816,2.568042,0.360395,5.248482,0.044000,0.384845,0.997839,0,0
2704,radius,0.1000,22300817,2.568783,0.360499,5.292370,0.043217,0.384845,1.020012,0,0
2705,radius,0.1000,22300818,2.580886,0.362197,5.317221,0.043812,0.384845,0.988346,0,0
2706,radius,0.1000,22300819,2.576073,0.361522,5.309610,0.043627,0.384845,0.994793,0,0
2707,radius,0.1000,22300820,2.571657,0.360902,5.234464,0.043194,0.384845,0.991991,0,0
2708,radius,0.1000,22300821,2.567384,0.360303,5.218466,0.042669,0.384845,1.001877,0,0
2709,radius,0.1000,22300822,2.565412,0.360026,5.220565,0.043300,0.384845,0.997673,0,0
2710,radius,0.1000,22300823,2.572913,0.361078,5.238552,0.043061,0.384845,0.987276,0,0
2711,radius,0.1000,22300824,2.583003,0.362494,5.326537,0.043376,0.384845,0.998956,0,0
2712,radius,0.1000,22300825,2.576262,0.361548,5.250384,0.043428,0.384845,0.994028,0,0
2713,radius,0.1000,22300826,2.582604,0.362438,5.335194,0.043682,0.384845,0.995863,0,0
2714,radius,0.1000,22300827,2.575296,0.361413,5.249795,0.043115,0.384845,1.010572,0,0
2715,radius,0.1000,22300828,2.564853,0.359947,5.237348,0.042906,0.384845,1.012456,0,0
2716,radius,0.1000,22300829,2.580403,0.362129,5.341066,0.043897,0.384845,0.990033,0,0
2717,radius,0.1000,22300830,2.568401,0.360445,5.273044,0.043635,0.384845,0.992702,0,0
2718,radius,0.1000,22300831,2.570380,0.360723,5.327969,0.043619,0.384845,1.006371,0,0
2719,radius,0.1000,22300832,2.548677,0.357677,5.157649,0.041990,0.384845,0.989689,0,0
2720,radius,0.1000,22300833,2.581515,0.362286,5.280318,0.044197,0.384845,0.987329,0,0
2721,radius,0.1000,22300834,2.572689,0.361047,5.307241,0.043482,0.384845,0.993375,0,0
2722,radius,0.1000,22300835,2.567940,0.360381,5.254400,0.042829,0.384845,0.998114,0,0
2723,radius,0.1000,22300836,2.562960,0.359682,5.177387,0.042469,0.384845,0.993708,0,0
2724,radius,0.1000,22300837,2.586335,0.362962,5.392778,0.044532,0.384845,0.994404,0,0
2725,radius,0.1000,22300838,2.561266,0.359444,5.192595,0.042286,0.384845,0.989046,0,0
2726,radius,0.1000,22300839,2.577274,0.361690,5.376224,0.044088,0.384845,1.007169,0,0
2727,radius,0.1000,22300840,2.554663,0.358517,5.138896,0.042107,0.384845,0.985008,0,0
2728,radius,0.1000,22300841,2.581165,0.362236,5.314934,0.043946,0.384845,0.999110,0,0
2729,radius,0.1000,22300842,2.569660,0.360622,5.318985,0.044208,0.384845,0.989228,0,0
2730,radius,0.1000,22300843,2.582364,0.362405,5.362091,0.044045,0.384845,1.005674,0,0
2731,radius,0.1000,22300844,2.561690,0.359503,5.203808,0.042758,0.384845,1.008428,0,0
2732,radius,0.1000,22300845,2.584460,0.362699,5.409521,0.044898,0.384845,1.008365,0,0
2733,radius,0.1000,22300846,2.579659,0.362025,5.295909,0.043521,0.384845,0.986455,0,0
2734,radius,0.1000,22300847,2.565167,0.359991,5.249079,0.043324,0.384845,0.992948,0,0
2735,radius,0.1000,22300848,2.556107,0.358720,5.217876,0.042460,0.384845,0.992056,0,0
2736,radius,0.1000,22300849,2.583307,0.362537,5.310752,0.043686,0.384845,1.007822,0,0
2737,radius,0.1000,22300850,2.578278,0.361831,5.329435,0.044087,0.384845,0.998911,0,0
2738,radius,0.1000,22300851,2.573270,0.361129,5.323956,0.043455,0.384845,1.005817,0,0
2739,radius,0.1000,22300852,2.580345,0.362121,5.322723,0.043881,0.384845,1.002163,0,0
2740,radius,0.1000,22300853,2.583318,0.362539,5.346858,0.044030,0.384845,1.001589,0,0
2741,radius,0.1000,22300854,2.562313,0.359591,5.193748,0.042461,0.384845,1.000471,0,0
2742,radius,0.1000,22300855,2.560020,0.359269,5.245062,0.043063,0.384845,0.978648,0,0
2743,radius,0.1000,22300856,2.575945,0.361504,5.252125,0.043314,0.384845,0.989425,0,0
2744,radius,0.1000,22300857,2.566239,0.360142,5.240834,0.042875,0.384845,0.995240,0,0
2745,radius,0.1000,22300858,2.573520,0.361164,5.260529,0.043562,0.384845,1.004041,0,0
2746,radius,0.1000,22300859,2.577545,0.361728,5.359696,0.044095,0.384845,1.011551,0,0
2747,radius,0.1000,22300860,2.563434,0.359748,5.239524,0.043379,0.384845,1.000621,0,0
2748,radius,0.1000,22300861,2.573832,0.361207,5.294954,0.043293,0.384845,1.016013,0,0
2749,radius,0.1000,22300862,2.565825,0.360084,5.233165,0.043200,0.384845,0.997096,0,0
2750,radius,0.1000,22300863,2.579013,0.361934,5.340037,0.043980,0.384845,0.987640,0,0
2751,radius,0.1250,22310784,2.580515,0.362145,5.308730,0.043899,0.384845,0.986248,0,0
2752,radius,0.1250,22310785,2.581848,0.362332,5.414583,0.044308,0.384845,1.001549,0,0
2753,radius,0.1250,22310786,2.578982,0.361930,5.342256,0.045031,0.384845,0.976593,0,0
2754,radius,0.1250,22310787,2.600661,0.364972,5.507589,0.045950,0.384845,0.980630,0,0
2755,radius,0.1250,22310788,2.586884,0.363039,5.439482,0.044240,0.384845,0.992333,0,0
2756,radius,0.1250,22310789,2.584455,0.362698,5.384339,0.044492,0.384845,1.009618,0,0
2757,radius,0.1250,22310790,2.583964,0.362629,5.341702,0.043672,0.384845,0.997948,0,0
2758,radius,0.1250,22310791,2.578169,0.361816,5.288493,0.043754,0.384845,0.979013,0,0
2759,radius,0.1250,22310792,2.583333,0.362541,5.401722,0.044675,0.384845,1.003114,0,0
2760,radius,0.1250,22310793,2.587191,0.363082,5.377876,0.044258,0.384845,1.015096,0,0
2761,radius,0.1250,22310794,2.580865,0.362194,5.385447,0.044607,0.384845,0.992079,0,0
2762,radius,0.1250,22310795,2.581379,0.362266,5.341637,0.044618,0.384845,0.987931,0,0
2763,radius,0.1250,22310796,2.573528,0.361165,5.399825,0.044873,0.384845,1.000830,0,0
2764,radius,0.1250,22310797,2.616491,0.367194,5.572039,0.046237,0.384845,1.028637,0,0
2765,radius,0.1250,22310798,2.588847,0.363315,5.390262,0.045006,0.384845,0.983133,0,0
2766,radius,0.1250,22310799,2.594590,0.364121,5.484474,0.044934,0.384845,0.998291,0,0
2767,radius,0.1250,22310800,2.591371,0.363669,5.457347,0.046407,0.384845,0.985492,0,0
2768,radius,0.1250,22310801,2.600993,0.365019,5.519150,0.045678,0.384845,1.000357,0,0
2769,radius,0.1250,22310802,2.590872,0.363599,5.368050,0.044221,0.384845,1.000548,0,0
2770,radius,0.1250,22310803,2.587518,0.363128,5.407889,0.044975,0.384845,0.989506,0,0
2771,radius,0.1250,22310804,2.587477,0.363122,5.428543,0.044704,0.384845,0.993379,0,0
2772,radius,0.1250,22310805,2.587053,0.363063,5.417415,0.044196,0.384845,1.012442,0,0
2773,radius,0.1250,22310806,2.588464,0.363261,5.415702,0.045254,0.384845,0.998205,0,0
2774,radius,0.1250,22310807,2.577242,0.361686,5.353024,0.043487,0.384845,0.990823,0,0
2775,radius,0.1250,22310808,2.596536,0.364394,5.493844,0.045711,0.384845,0.986645,0,0
2776,radius,0.1250,22310809,2.581478,0.362280,5.353128,0.044742,0.384845,0.979817,0,0
2777,radius,0.1250,22310810,2.588718,0.363297,5.394447,0.043835,0.384845,1.003355,0,0
2778,radius,0.1250,22310811,2.577787,0.361762,5.349124,0.043959,0.384845,1.012037,0,0
2779,radius,0.1250,22310812,2.580137,0.362092,5.364010,0.044001,0.384845,0.998640,0,0
2780,radius,0.1250,22310813,2.598934,0.364730,5.471584,0.045577,0.384845,1.004172,0,0
2781,radius,0.1250,22310814,2.602149,0.365181,5.491527,0.045118,0.384845,1.000312,0,0
2782,radius,0.1250,22310815,2.591559,0.363695,5.380902,0.043883,0.384845,0.993699,0,0
2783,radius,0.1250,22310816,2.589836,0.363453,5.411147,0.044771,0.384845,0.993352,0,0
2784,radius,0.1250,22310817,2.574000,0.361231,5.332584,0.043449,0.384845,1.004144,0,0
2785,radius,0.1250,22310818,2.578694,0.361890,5.352443,0.044269,0.384845,0.997819,0,0
2786,radius,0.1250,22310819,2.582993,0.362493,5.377361,0.043944,0.384845,1.008456,0,0
2787,radius,0.1250,22310820,2.577885,0.361776,5.316769,0.044018,0.384845,0.989614,0,0
2788,radius,0.1250,22310821,2.590000,0.363476,5.407829,0.044974,0.384845,0.993221,0,0
2789,radius,0.1250,22310822,2.597489,0.364527,5.471647,0.045987,0.384845,1.007143,0,0
2790,radius,0.1250,22310823,2.595033,0.364183,5.442335,0.045431,0.384845,0.990284,0,0
2791,radius,0.1250,22310824,2.583708,0.362593,5.411645,0.044554,0.384845,1.000317,0,0
2792,radius,0.1250,22310825,2.588114,0.363212,5.422166,0.044724,0.384845,0.995849,0,0
2793,radius,0.1250,22310826,2.608468,0.366068,5.547364,0.045928,0.384845,1.022216,0,0
2794,radius,0.1250,22310827,2.597456,0.364523,5.488735,0.045807,0.384845,1.005023,0,0
2795,radius,0.1250,22310828,2.590198,0.363504,5.404886,0.045330,0.384845,0.983974,0,0
2796,radius,0.1250,22310829,2.592298,0.363799,5.453507,0.045149,0.384845,0.994872,0,0
2797,radius,0.1250,22310830,2.590809,0.363590,5.459457,0.044131,0.384845,1.003996,0,0
2798,radius,0.1250,22310831,2.573331,0.361137,5.305654,0.043609,0.384845,0.983733,0,0
2799,radius,0.1250,22310832,2.587600,0.363140,5.397994,0.044518,0.384845,1.005774,0,0
2800,radius,0.1250,22310833,2.605473,0.365648,5.527267,0.045697,0.384845,1.012251,0,0
2801,radius,0.1250,22310834,2.607430,0.365922,5.542694,0.046027,0.384845,0.999346,0,0
2802,radius,0.1250,22310835,2.593158,0.363920,5.381144,0.044695,0.384845,0.987623,0,0
2803,radius,0.1250,22310836,2.577183,0.361678,5.380775,0.044137,0.384845,0.996923,0,0
2804,radius,0.1250,22310837,2.592352,0.363806,5.423391,0.045170,0.384845,0.994171,0,0
2805,radius,0.1250,22310838,2.589304,0.363379,5.498040,0.045342,0.384845,1.004571,0,0
2806,radius,0.1250,22310839,2.574241,0.361265,5.337286,0.043411,0.384845,0.999095,0,0
2807,radius,0.1250,22310840,2.587372,0.363108,5.417403,0.045060,0.384845,0.997675,0,0
2808,radius,0.1250,22310841,2.586121,0.362932,5.386054,0.044661,0.384845,1.003408,0,0
2809,radius,0.1250,22310842,2.595342,0.364226,5.471677,0.045376,0.384845,0.989510,0,0
2810,radius,0.1250,22310843,2.583676,0.362589,5.396504,0.044802,0.384845,0.984962,0,0
2811,radius,0.1250,22310844,2.569421,0.360588,5.226179,0.043108,0.384845,1.009790,0,0
2812,radius,0.1250,22310845,2.593435,0.363958,5.445912,0.044781,0.384845,1.002180,0,0
2813,radius,0.1250,22310846,2.616299,0.367167,5.574516,0.046286,0.384845,0.992988,0,0
2814,radius,0.1250,22310847,2.576319,0.361556,5.304829,0.043823,0.384845,0.994313,0,0
2815,radius,0.1250,22310848,2.578643,0.361883,5.363330,0.043611,0.384845,0.997648,0,0
2816,radius,0.1250,22310849,2.584134,0.362653,5.390333,0.044563,0.384845,0.996515,0,0
2817,radius,0.1250,22310850,2.587768,0.363163,5.430033,0.044710,0.384845,1.011255,0,0
2818,radius,0.1250,22310851,2.598559,0.364678,5.493892,0.045126,0.384845,1.020537,0,0
2819,radius,0.1250,22310852,2.598107,0.364614,5.508222,0.045495,0.384845,0.992149,0,0
2820,radius,0.1250,22310853,2.586231,0.362947,5.444672,0.044763,0.384845,1.017876,0,0
2821,radius,0.1250,22310854,2.568953,0.360523,5.348768,0.043599,0.384845,1.015807,0,0
2822,radius,0.1250,22310855,2.577388,0.361706,5.316895,0.044044,0.384845,0.984250,0,0
2823,radius,0.1250,22310856,2.592672,0.363851,5.456230,0.045214,0.384845,0.998462,0,0
2824,radius,0.1250,22310857,2.575392,0.361426,5.335892,0.043684,0.384845,0.997052,0,0
2825,radius,0.1250,22310858,2.592681,0.363853,5.404898,0.044203,0.384845,0.997845,0,0
2826,radius,0.1250,22310859,2.591916,0.363745,5.468064,0.044542,0.384845,1.007989,0,0
2827,radius,0.1250,22310860,2.589483,0.363404,5.421373,0.044260,0.384845,0.985908,0,0
2828,radius,0.1250,22310861,2.595498,0.364248,5.479779,0.045722,0.384845,0.992941,0,0
2829,radius,0.1250,22310862,2.582015,0.362356,5.389954,0.044115,0.384845,1.007708,0,0
2830,radius,0.1250,22310863,2.582455,0.362417,5.374740,0.044753,0.384845,0.992679,0,0
2831,radius,0.1500,22320784,2.579937,0.362064,5.324954,0.044419,0.384845,0.975665,0,0
2832,radius,0.1500,22320785,2.599402,0.364796,5.540055,0.046133,0.384845,0.981517,0,0
2833,radius,0.1500,22320786,2.592032,0.363762,5.419656,0.045234,0.384845,0.979499,0,0
2834,radius,0.1500,22320787,2.600430,0.364940,5.571908,0.047035,0.384845,0.988437,0,0
2835,radius,0.1500,22320788,2.592052,0.363764,5.485354,0.045147,0.384845,0.994253,0,0
2836,radius,0.1500,22320789,2.591701,0.363715,5.455013,0.045064,0.384845,0.991037,0,0
2837,radius,0.1500,22320790,2.595830,0.364294,5.510525,0.046005,0.384845,1.008763,0,0
2838,radius,0.1500,22320791,2.585400,0.362831,5.322572,0.044698,0.384845,0.965148,0,0
2839,radius,0.1500,22320792,2.590840,0.363594,5.474003,0.046620,0.384845,0.993085,0,0
2840,radius,0.1500,22320793,2.592302,0.363799,5.482880,0.045407,0.384845,0.988650,0,0
2841,radius,0.1500,22320794,2.611928,0.366554,5.633237,0.047753,0.384845,0.983288,0,0
2842,radius,0.1500,22320795,2.607248,0.365897,5.547490,0.045875,0.384845,0.983001,0,0
2843,radius,0.1500,22320796,2.600681,0.364975,5.485728,0.046242,0.384845,0.985026,0,0
2844,radius,0.1500,22320797,2.598244,0.364633,5.501440,0.044759,0.384845,1.010178,0,0
2845,radius,0.1500,22320798,2.607332,0.365909,5.581162,0.046706,0.384845,1.010363,0,0
2846,radius,0.1500,22320799,2.587674,0.363150,5.370897,0.044996,0.384845,0.979838,0,0
2847,radius,0.1500,22320800,2.599160,0.364762,5.523294,0.045570,0.384845,1.003017,0,0
2848,radius,0.1500,22320801,2.609779,0.366252,5.580169,0.047061,0.384845,0.974373,0,0
2849,radius,0.1500,22320802,2.596408,0.364376,5.475601,0.045524,0.384845,0.985365,0,0
2850,radius,0.1500,22320803,2.604444,0.365503,5.482226,0.044999,0.384845,0.996725,0,0
2851,radius,0.1500,22320804,2.596683,0.364414,5.475802,0.046239,0.384845,0.976512,0,0
2852,radius,0.1500,22320805,2.595867,0.364300,5.496134,0.045776,0.384845,0.994586,0,0
2853,radius,0.1500,22320806,2.598239,0.364633,5.512875,0.046124,0.384845,0.988907,0,0
2854,radius,0.1500,22320807,2.608014,0.366004,5.533111,0.046882,0.384845,0.978574,0,0
2855,radius,0.1500,22320808,2.617792,0.367377,5.630638,0.046472,0.384845,1.013463,0,0
2856,radius,0.1500,22320809,2.580320,0.362118,5.476680,0.044474,0.384845,1.004646,0,0
2857,radius,0.1500,22320810,2.593449,0.363960,5.517215,0.045919,0.384845,0.988841,0,0
2858,radius,0.1500,22320811,2.610822,0.366398,5.609330,0.046444,0.384845,1.003326,0,0
2859,radius,0.1500,22320812,2.605350,0.365631,5.534094,0.046196,0.384845,0.987768,0,0
2860,radius,0.1500,22320813,2.583713,0.362594,5.426848,0.044464,0.384845,1.003758,0,0
2861,radius,0.1500,22320814,2.586785,0.363025,5.455048,0.045851,0.384845,0.977447,0,0
2862,radius,0.1500,22320815,2.583869,0.362616,5.412385,0.044344,0.384845,0.990714,0,0
2863,radius,0.1500,22320816,2.609110,0.366158,5.584735,0.046097,0.384845,1.003567,0,0
2864,radius,0.1500,22320817,2.613628,0.366792,5.582993,0.046591,0.384845,0.994626,0,0
2865,radius,0.1500,22320818,2.613907,0.366831,5.667688,0.047858,0.384845,1.017818,0,0
2866,radius,0.1500,22320819,2.596121,0.364335,5.446713,0.045204,0.384845,1.001958,0,0
2867,radius,0.1500,22320820,2.593704,0.363996,5.523692,0.045384,0.384845,1.005914,0,0
2868,radius,0.1500,22320821,2.605835,0.365699,5.561362,0.046517,0.384845,0.992927,0,0
2869,radius,0.1500,22320822,2.595213,0.364208,5.522279,0.045646,0.384845,0.996230,0,0
2870,radius,0.1500,22320823,2.583391,0.362549,5.376306,0.044637,0.384845,0.979329,0,0
2871,radius,0.1500,22320824,2.601828,0.365136,5.559467,0.046102,0.384845,1.013485,0,0
2872,radius,0.1500,22320825,2.593733,0.364000,5.462189,0.044963,0.384845,0.990021,0,0
2873,radius,0.1500,22320826,2.606373,0.365774,5.590836,0.046484,0.384845,0.993156,0,0
2874,radius,0.1500,22320827,2.606348,0.365771,5.571002,0.046559,0.384845,1.000999,0,0
2875,radius,0.1500,22320828,2.578827,0.361908,5.388438,0.044933,0.384845,0.967285,0,0
2876,radius,0.1500,22320829,2.610841,0.366401,5.598232,0.046346,0.384845,0.999914,0,0
2877,radius,0.1500,22320830,2.623082,0.368119,5.666524,0.047719,0.384845,0.991187,0,0
2878,radius,0.1500,22320831,2.615343,0.367033,5.596808,0.046667,0.384845,1.004963,0,0
2879,radius,0.1500,22320832,2.583284,0.362534,5.375527,0.044331,0.384845,0.996222,0,0
2880,radius,0.1500,22320833,2.618190,0.367433,5.634367,0.047109,0.384845,0.997663,0,0
2881,radius,0.1500,22320834,2.601787,0.365131,5.519876,0.045911,0.384845,1.031738,0,0
2882,radius,0.1500,22320835,2.593780,0.364007,5.480491,0.046374,0.384845,0.989472,0,0
2883,radius,0.1500,22320836,2.584911,0.362762,5.444320,0.044384,0.384845,0.989304,0,0
2884,radius,0.1500,22320837,2.588024,0.363199,5.440999,0.045453,0.384845,0.993743,0,0
2885,radius,0.1500,22320838,2.597598,0.364543,5.527733,0.046814,0.384845,0.990705,0,0
2886,radius,0.1500,22320839,2.608228,0.366034,5.574353,0.046770,0.384845,1.013291,0,0
2887,radius,0.1500,22320840,2.606149,0.365743,5.568510,0.045617,0.384845,1.016246,0,0
2888,radius,0.1500,22320841,2.606948,0.365855,5.546396,0.045987,0.384845,0.987655,0,0
2889,radius,0.1500,22320842,2.597438,0.364520,5.471130,0.045138,0.384845,0.988816,0,0
2890,radius,0.1500,22320843,2.596163,0.364341,5.516223,0.045446,0.384845,1.009859,0,0
2891,radius,0.1500,22320844,2.613151,0.366725,5.581148,0.046941,0.384845,1.002545,0,0
2892,radius,0.1500,22320845,2.613009,0.366705,5.571776,0.046224,0.384845,0.981843,0,0
2893,radius,0.1500,22320846,2.611586,0.366506,5.624577,0.047374,0.384845,1.002187,0,0
2894,radius,0.1500,22320847,2.593280,0.363937,5.423965,0.045220,0.384845,0.998690,0,0
2895,radius,0.1500,22320848,2.576426,0.361571,5.371448,0.045082,0.384845,0.969531,0,0
2896,radius,0.1500,22320849,2.601034,0.365025,5.490099,0.046062,0.384845,0.985279,0,0
2897,radius,0.1500,22320850,2.604957,0.365575,5.540328,0.045575,0.384845,1.000122,0,0
2898,radius,0.1500,22320851,2.610034,0.366288,5.523067,0.045899,0.384845,0.989035,0,0
2899,radius,0.1500,22320852,2.584913,0.362763,5.438629,0.044739,0.384845,1.007748,0,0
2900,radius,0.1500,22320853,2.591745,0.363721,5.455901,0.045211,0.384845,1.002726,0,0
2901,radius,0.1500,22320854,2.604093,0.365454,5.562671,0.046963,0.384845,0.984078,0,0
2902,radius,0.1500,22320855,2.600346,0.364928,5.567640,0.046376,0.384845,0.997927,0,0
2903,radius,0.1500,22320856,2.598726,0.364701,5.513933,0.046159,0.384845,1.002584,0,0
2904,radius,0.1500,22320857,2.588064,0.363205,5.413835,0.044765,0.384845,0.980110,0,0
2905,radius,0.1500,22320858,2.596786,0.364429,5.510321,0.046278,0.384845,0.974533,0,0
2906,radius,0.1500,22320859,2.597813,0.364573,5.512550,0.045762,0.384845,0.998019,0,0
2907,radius,0.1500,22320860,2.599784,0.364849,5.492569,0.045146,0.384845,0.999378,0,0
2908,radius,0.1500,22320861,2.588859,0.363316,5.463431,0.045719,0.384845,1.005623,0,0
2909,radius,0.1500,22320862,2.607260,0.365899,5.503392,0.046791,0.384845,0.994381,0,0
2910,radius,0.1500,22320863,2.597320,0.364504,5.476903,0.045187,0.384845,0.988882,0,0
2911,radius,0.2000,22330784,2.600382,0.364933,5.561658,0.047323,0.384845,0.993436,0,0
2912,radius,0.2000,22330785,2.605871,0.365704,5.598638,0.047301,0.384845,0.983948,0,0
2913,radius,0.2000,22330786,2.600866,0.365001,5.629134,0.047718,0.384845,0.994224,0,0
2914,radius,0.2000,22330787,2.600007,0.364881,5.639866,0.048040,0.384845,0.989473,0,0
2915,radius,0.2000,22330788,2.600384,0.364934,5.611681,0.047482,0.384845,0.997142,0,0
2916,radius,0.2000,22330789,2.601468,0.365086,5.610742,0.047553,0.384845,0.992191,0,0
2917,radius,0.2000,22330790,2.603536,0.365376,5.625238,0.047328,0.384845,1.000597,0,0
2918,radius,0.2000,22330791,2.602390,0.365215,5.552628,0.047400,0.384845,0.967450,0,0
2919,radius,0.2000,22330792,2.599850,0.364859,5.675908,0.049597,0.384845,0.992588,0,0
2920,radius,0.2000,22330793,2.617710,0.367365,5.695128,0.048673,0.384845,0.991594,0,0
2921,radius,0.2000,22330794,2.618489,0.367474,5.710380,0.049151,0.384845,0.988697,0,0
2922,radius,0.2000,22330795,2.586217,0.362945,5.487995,0.047088,0.384845,1.015223,0,0
2923,radius,0.2000,22330796,2.605102,0.365596,5.680796,0.049030,0.384845,1.028483,0,0
2924,radius,0.2000,22330797,2.595057,0.364186,5.595961,0.047919,0.384845,1.009486,0,0
2925,radius,0.2000,22330798,2.603935,0.365432,5.642950,0.048476,0.384845,0.996805,0,0
2926,radius,0.2000,22330799,2.608963,0.366138,5.732781,0.047889,0.384845,1.037366,0,0
2927,radius,0.2000,22330800,2.607802,0.365975,5.667627,0.048724,0.384845,0.989275,0,0
2928,radius,0.2000,22330801,2.617733,0.367368,5.723592,0.049538,0.384845,0.989095,0,0
2929,radius,0.2000,22330802,2.587094,0.363069,5.541291,0.048634,0.384845,0.975700,0,0
2930,radius,0.2000,22330803,2.590679,0.363572,5.515522,0.047956,0.384845,0.994790,0,0
2931,radius,0.2000,22330804,2.605442,0.365643,5.664092,0.047901,0.384845,0.999050,0,0
2932,radius,0.2000,22330805,2.606334,0.365769,5.648043,0.047226,0.384845,1.016205,0,0
2933,radius,0.2000,22330806,2.607321,0.365907,5.617888,0.046742,0.384845,0.993351,0,0
2934,radius,0.2000,22330807,2.592880,0.363881,5.591528,0.047876,0.384845,0.974364,0,0
2935,radius,0.2000,22330808,2.601630,0.365109,5.631852,0.048179,0.384845,0.984842,0,0
2936,radius,0.2000,22330809,2.610200,0.366311,5.672993,0.048316,0.384845,0.991517,0,0
2937,radius,0.2000,22330810,2.594198,0.364065,5.548385,0.047979,0.384845,0.977472,0,0
2938,radius,0.2000,22330811,2.613107,0.366719,5.700209,0.048790,0.384845,1.011216,0,0
2939,radius,0.2000,22330812,2.589175,0.363361,5.550709,0.046967,0.384845,0.989394,0,0
2940,radius,0.2000,22330813,2.609262,0.366180,5.673198,0.049334,0.384845,0.997676,0,0
2941,radius,0.2000,22330814,2.591225,0.363648,5.523878,0.046908,0.384845,0.990703,0,0
2942,radius,0.2000,22330815,2.616183,0.367151,5.749495,0.049528,0.384845,0.992155,0,0
2943,radius,0.2000,22330816,2.596904,0.364445,5.648449,0.048464,0.384845,1.005919,0,0
2944,radius,0.2000,22330817,2.608940,0.366134,5.675869,0.048429,0.384845,0.984007,0,0
2945,radius,0.2000,22330818,2.605706,0.365680,5.664097,0.048313,0.384845,1.003983,0,0
2946,radius,0.2000,22330819,2.602857,0.365281,5.616856,0.048789,0.384845,0.984249,0,0
2947,radius,0.2000,22330820,2.618408,0.367463,5.663003,0.048664,0.384845,0.984125,0,0
2948,radius,0.2000,22330821,2.622227,0.367999,5.745260,0.049595,0.384845,1.019711,0,0
2949,radius,0.2000,22330822,2.609571,0.366223,5.739388,0.049739,0.384845,1.014110,0,0
2950,radius,0.2000,22330823,2.605541,0.365657,5.600313,0.047279,0.384845,0.961297,0,0
2951,radius,0.2000,22330824,2.598475,0.364666,5.615554,0.048366,0.384845,0.999700,0,0
2952,radius,0.2000,22330825,2.597123,0.364476,5.595480,0.047012,0.384845,0.989852,0,0
2953,radius,0.2000,22330826,2.619793,0.367658,5.698312,0.048153,0.384845,0.967507,0,0
2954,radius,0.2000,22330827,2.608248,0.366037,5.736084,0.048972,0.384845,1.004660,0,0
2955,radius,0.2000,22330828,2.601388,0.365075,5.689240,0.048929,0.384845,1.006070,0,0
2956,radius,0.2000,22330829,2.613439,0.366766,5.705475,0.047881,0.384845,0.988148,0,0
2957,radius,0.2000,22330830,2.591256,0.363653,5.564661,0.047290,0.384845,0.999649,0,0
2958,radius,0.2000,22330831,2.612380,0.366617,5.587738,0.046764,0.384845,0.990654,0,0
2959,radius,0.2000,22330832,2.605445,0.365644,5.609312,0.047691,0.384845,0.991651,0,0
2960,radius,0.2000,22330833,2.589692,0.363433,5.571194,0.047679,0.384845,0.999312,0,0
2961,radius,0.2000,22330834,2.606341,0.365770,5.707628,0.048829,0.384845,0.992857,0,0
2962,radius,0.2000,22330835,2.611252,0.366459,5.665326,0.047830,0.384845,1.000377,0,0
2963,radius,0.2000,22330836,2.605376,0.365634,5.657982,0.049178,0.384845,0.985349,0,0
2964,radius,0.2000,22330837,2.607514,0.365934,5.731128,0.049077,0.384845,1.031585,0,0
2965,radius,0.2000,22330838,2.606157,0.365744,5.623661,0.048301,0.384845,0.978261,0,0
2966,radius,0.2000,22330839,2.603432,0.365361,5.637051,0.049490,0.384845,0.977448,0,0
2967,radius,0.2000,22330840,2.600292,0.364921,5.591143,0.048014,0.384845,0.970041,0,0
2968,radius,0.2000,22330841,2.608310,0.366046,5.710151,0.048770,0.384845,1.024561,0,0
2969,radius,0.2000,22330842,2.604303,0.365484,5.577255,0.046032,0.384845,0.967549,0,0
2970,radius,0.2000,22330843,2.602548,0.365237,5.652027,0.048363,0.384845,1.012497,0,0
2971,radius,0.2000,22330844,2.595345,0.364226,5.547488,0.046547,0.384845,0.965119,0,0
2972,radius,0.2000,22330845,2.600740,0.364984,5.651719,0.048987,0.384845,0.987254,0,0
2973,radius,0.2000,22330846,2.618469,0.367472,5.776664,0.049808,0.384845,1.007489,0,0
2974,radius,0.2000,22330847,2.603946,0.365434,5.648742,0.047245,0.384845,1.017729,0,0
2975,radius,0.2000,22330848,2.603091,0.365314,5.602510,0.047410,0.384845,1.008423,0,0
2976,radius,0.2000,22330849,2.602090,0.365173,5.643481,0.047783,0.384845,0.976417,0,0
2977,radius,0.2000,22330850,2.598148,0.364620,5.598776,0.047970,0.384845,0.967821,0,0
2978,radius,0.2000,22330851,2.605270,0.365619,5.622256,0.047830,0.384845,0.979449,0,0
2979,radius,0.2000,22330852,2.595974,0.364315,5.582286,0.048872,0.384845,0.965889,0,0
2980,radius,0.2000,22330853,2.606279,0.365761,5.655767,0.048147,0.384845,1.001484,0,0
2981,radius,0.2000,22330854,2.613050,0.366711,5.673457,0.048137,0.384845,0.994566,0,0
2982,radius,0.2000,22330855,2.589039,0.363341,5.573006,0.047977,0.384845,0.999784,0,0
2983,radius,0.2000,22330856,2.606241,0.365756,5.597186,0.047911,0.384845,0.958858,0,0
2984,radius,0.2000,22330857,2.613060,0.366713,5.658667,0.048231,0.384845,0.988801,0,0
2985,radius,0.2000,22330858,2.611678,0.366519,5.671564,0.048371,0.384845,1.018046,0,0
2986,radius,0.2000,22330859,2.601281,0.365060,5.646543,0.048867,0.384845,0.983435,0,0
2987,radius,0.2000,22330860,2.613468,0.366770,5.681480,0.048049,0.384845,1.014117,0,0
2988,radius,0.2000,22330861,2.609051,0.366150,5.660946,0.048365,0.384845,0.994340,0,0
2989,radius,0.2000,22330862,2.608072,0.366013,5.630612,0.047044,0.384845,1.002175,0,0
2990,radius,0.2000,22330863,2.612122,0.366581,5.697446,0.048901,0.384845,1.002485,0,0
2991,radius,0.2500,22340784,2.589059,0.363344,5.647255,0.048658,0.384845,1.007230,0,0
2992,radius,0.2500,22340785,2.598636,0.364688,5.693485,0.048600,0.384845,1.015749,0,0
2993,radius,0.2500,22340786,2.573591,0.361174,5.599807,0.049323,0.384845,0.998901,0,0
2994,radius,0.2500,22340787,2.617182,0.367291,5.761166,0.049778,0.384845,0.962611,0,0
2995,radius,0.2500,22340788,2.586023,0.362918,5.665001,0.049145,0.384845,1.023870,0,0
2996,radius,0.2500,22340789,2.601836,0.365137,5.699483,0.049206,0.384845,0.998189,0,0
2997,radius,0.2500,22340790,2.601055,0.365028,5.664063,0.049280,0.384845,0.989209,0,0
2998,radius,0.2500,22340791,2.612573,0.366644,5.869639,0.051538,0.384845,1.004366,0,0
2999,radius,0.2500,22340792,2.567677,0.360344,5.578756,0.049214,0.384845,1.012993,0,0
3000,radius,0.2500,22340793,2.593121,0.363914,5.617199,0.049308,0.384845,1.000796,0,0
3001,radius,0.2500,22340794,2.592883,0.363881,5.623369,0.049584,0.384845,0.981570,0,0
3002,radius,0.2500,22340795,2.598357,0.364649,5.693866,0.049577,0.384845,1.006798,0,0
3003,radius,0.2500,22340796,2.587640,0.363145,5.600650,0.048881,0.384845,0.988526,0,0
3004,radius,0.2500,22340797,2.538286,0.356219,5.416471,0.048001,0.384845,0.977262,0,0
3005,radius,0.2500,22340798,2.610201,0.366311,5.734221,0.049655,0.384845,0.989307,0,0
3006,radius,0.2500,22340799,2.569481,0.360597,5.566548,0.048568,0.384845,1.002952,0,0
3007,radius,0.2500,22340800,2.577856,0.361772,5.553319,0.048022,0.384845,1.012241,0,0
3008,radius,0.2500,22340801,2.593884,0.364021,5.695834,0.049680,0.384845,1.032158,0,0
3009,radius,0.2500,22340802,2.598551,0.364676,5.754220,0.049652,0.384845,0.985836,0,0
3010,radius,0.2500,22340803,2.591838,0.363734,5.588814,0.047669,0.384845,0.996606,0,0
3011,radius,0.2500,22340804,2.602585,0.365243,5.640616,0.048163,0.384845,0.970982,0,0
3012,radius,0.2500,22340805,2.603651,0.365392,5.711297,0.048862,0.384845,0.954358,0,0
3013,radius,0.2500,22340806,2.587824,0.363171,5.665288,0.050092,0.384845,0.973392,0,0
3014,radius,0.2500,22340807,2.585192,0.362802,5.669832,0.049370,0.384845,1.022990,0,0
3015,radius,0.2500,22340808,2.576824,0.361627,5.546826,0.048880,0.384845,0.944496,0,0
3016,radius,0.2500,22340809,2.576770,0.361620,5.648026,0.049850,0.384845,1.015446,0,0
3017,radius,0.2500,22340810,2.573364,0.361142,5.439998,0.047300,0.384845,0.974463,0,0
3018,radius,0.2500,22340811,2.606246,0.365756,5.692543,0.049796,0.384845,0.964272,0,0
3019,radius,0.2500,22340812,2.618615,0.367492,5.707228,0.049245,0.384845,0.987501,0,0
3020,radius,0.2500,22340813,2.588567,0.363275,5.576495,0.049782,0.384845,0.951146,0,0
3021,radius,0.2500,22340814,2.584861,0.362755,5.600892,0.049381,0.384845,0.965632,0,0
3022,radius,0.2500,22340815,2.573561,0.361169,5.582913,0.049630,0.384845,0.972212,0,0
3023,radius,0.2500,22340816,2.595244,0.364212,5.659488,0.048765,0.384845,1.013418,0,0
3024,radius,0.2500,22340817,2.594150,0.364059,5.715253,0.050578,0.384845,0.990480,0,0
3025,radius,0.2500,22340818,2.591596,0.363700,5.636166,0.048875,0.384845,0.973074,0,0
3026,radius,0.2500,22340819,2.588451,0.363259,5.657009,0.049774,0.384845,0.999726,0,0
3027,radius,0.2500,22340820,2.593207,0.363926,5.672263,0.049654,0.384845,1.014979,0,1
3028,radius,0.2500,22340821,2.564945,0.359960,5.461192,0.048007,0.384845,0.989105,0,0
3029,radius,0.2500,22340822,2.594215,0.364068,5.615133,0.048658,0.384845,0.979976,0,0
3030,radius,0.2500,22340823,2.620337,0.367734,5.885120,0.050892,0.384845,1.014985,0,0
3031,radius,0.2500,22340824,2.589905,0.363463,5.725749,0.050853,0.384845,1.001468,0,0
3032,radius,0.2500,22340825,2.574734,0.361334,5.570181,0.048780,0.384845,1.004058,0,0
3033,radius,0.2500,22340826,2.585264,0.362812,5.626149,0.049231,0.384845,0.988809,0,0
3034,radius,0.2500,22340827,2.575752,0.361477,5.653985,0.049749,0.384845,0.974674,0,0
3035,radius,0.2500,22340828,2.583206,0.362523,5.623183,0.049358,0.384845,0.976865,0,0
3036,radius,0.2500,22340829,2.610672,0.366377,5.743237,0.049777,0.384845,0.986368,0,0
3037,radius,0.2500,22340830,2.594889,0.364162,5.675346,0.049915,0.384845,0.964033,0,0
3038,radius,0.2500,22340831,2.596041,0.364324,5.643091,0.048860,0.384845,0.993665,0,0
3039,radius,0.2500,22340832,2.580745,0.362178,5.511681,0.047791,0.384845,0.956311,0,0
3040,radius,0.2500,22340833,2.587426,0.363115,5.606818,0.049086,0.384845,1.011149,0,0
3041,radius,0.2500,22340834,2.580548,0.362150,5.625389,0.048656,0.384845,0.976108,0,0
3042,radius,0.2500,22340835,2.556906,0.358832,5.505760,0.047816,0.384845,1.010813,0,0
3043,radius,0.2500,22340836,2.563692,0.359784,5.488159,0.049401,0.384845,0.979444,0,0
3044,radius,0.2500,22340837,2.595019,0.364181,5.657200,0.049343,0.384845,1.029520,0,0
3045,radius,0.2500,22340838,2.583615,0.362580,5.650942,0.048806,0.384845,1.005744,0,0
3046,radius,0.2500,22340839,2.591964,0.363752,5.652885,0.048782,0.384845,0.991271,0,0
3047,radius,0.2500,22340840,2.608748,0.366107,5.682295,0.048800,0.384845,0.982427,0,0
3048,radius,0.2500,22340841,2.577323,0.361697,5.575302,0.048825,0.384845,0.989605,0,0
3049,radius,0.2500,22340842,2.587590,0.363138,5.614141,0.048221,0.384845,1.023880,0,0
3050,radius,0.2500,22340843,2.593895,0.364023,5.717423,0.050378,0.384845,0.994398,0,0
3051,radius,0.2500,22340844,2.598966,0.364735,5.766061,0.049956,0.384845,0.997775,0,0
3052,radius,0.2500,22340845,2.598487,0.364667,5.751971,0.050414,0.384845,0.990403,0,0
3053,radius,0.2500,22340846,2.609164,0.366166,5.748473,0.050082,0.384845,1.007603,0,0
3054,radius,0.2500,22340847,2.606971,0.365858,5.686118,0.049291,0.384845,0.965831,0,0
3055,radius,0.2500,22340848,2.587102,0.363070,5.543440,0.047809,0.384845,0.994652,0,0
3056,radius,0.2500,22340849,2.578012,0.361794,5.597019,0.048320,0.384845,1.008652,0,0
3057,radius,0.2500,22340850,2.611071,0.366433,5.789621,0.050489,0.384845,0.989656,0,0
3058,radius,0.2500,22340851,2.578540,0.361868,5.574473,0.048687,0.384845,0.967551,0,0
3059,radius,0.2500,22340852,2.583351,0.362543,5.648089,0.049645,0.384845,0.987918,0,1
3060,radius,0.2500,22340853,2.592172,0.363781,5.636684,0.049700,0.384845,0.994544,0,0
3061,radius,0.2500,22340854,2.616794,0.367237,5.787814,0.050154,0.384845,1.036530,0,0
3062,radius,0.2500,22340855,2.563299,0.359729,5.513813,0.048855,0.384845,1.000540,0,0
3063,radius,0.2500,22340856,2.600433,0.364941,5.706807,0.049354,0.384845,1.004328,0,0
3064,radius,0.2500,22340857,2.573728,0.361193,5.558610,0.049513,0.384845,0.991787,0,0
3065,radius,0.2500,22340858,2.600689,0.364976,5.701572,0.048481,0.384845,0.989522,0,0
3066,radius,0.2500,22340859,2.592397,0.363813,5.683589,0.049906,0.384845,1.015285,0,0
3067,radius,0.2500,22340860,2.573681,0.361186,5.668164,0.050147,0.384845,0.982874,0,0
3068,radius,0.2500,22340861,2.601926,0.365150,5.707818,0.049560,0.384845,0.999526,0,0
3069,radius,0.2500,22340862,2.587021,0.363058,5.687144,0.050516,0.384845,0.977278,0,0
3070,radius,0.2500,22340863,2.595181,0.364203,5.620428,0.047573,0.384845,0.963947,0,0
3071,radius,0.3000,22350784,2.562121,0.359564,5.423303,0.048233,0.384845,0.938073,0,0
3072,radius,0.3000,22350785,2.586294,0.362956,5.662577,0.049470,0.384845,0.977329,0,0
3073,radius,0.3000,22350786,2.560611,0.359352,5.552271,0.050332,0.384845,0.980958,0,2
3074,radius,0.3000,22350787,2.575903,0.361498,5.637910,0.050306,0.384845,0.970000,0,0
3075,radius,0.3000,22350788,2.578002,0.361793,5.578231,0.048815,0.384845,0.970857,0,0
3076,radius,0.3000,22350789,2.557035,0.358850,5.573548,0.050062,0.384845,0.991394,0,2
3077,radius,0.3000,22350790,2.576421,0.361571,5.633709,0.050606,0.384845,0.977388,0,0
3078,radius,0.3000,22350791,2.562112,0.359563,5.632887,0.050353,0.384845,0.968740,0,0
3079,radius,0.3000,22350792,2.554493,0.358493,5.559617,0.049607,0.384845,0.971919,0,1
3080,radius,0.3000,22350793,2.580513,0.362145,5.671083,0.050005,0.384845,1.000811,0,0
3081,radius,0.3000,22350794,2.565310,0.360011,5.590328,0.050628,0.384845,0.973672,0,1
3082,radius,0.3000,22350795,2.564633,0.359916,5.584047,0.049393,0.384845,0.993143,0,1
3083,radius,0.3000,22350796,2.572869,0.361072,5.650271,0.049769,0.384845,0.995108,0,0
3084,radius,0.3000,22350797,2.552529,0.358218,5.545108,0.049161,0.384845,0.965623,0,0
3085,radius,0.3000,22350798,2.567046,0.360255,5.697850,0.051384,0.384845,0.991559,0,0
3086,radius,0.3000,22350799,2.584618,0.362721,5.673926,0.049729,0.384845,1.010712,0,0
3087,radius,0.3000,22350800,2.541986,0.356738,5.504273,0.049371,0.384845,0.959499,0,1
3088,radius,0.3000,22350801,2.555082,0.358576,5.573203,0.049499,0.384845,0.962632,0,0
3089,radius,0.3000,22350802,2.560871,0.359388,5.549264,0.049071,0.384845,0.986862,0,0
3090,radius,0.3000,22350803,2.560539,0.359342,5.578576,0.050714,0.384845,0.973584,0,0
3091,radius,0.3000,22350804,2.539101,0.356333,5.596529,0.050735,0.384845,0.976060,0,1
3092,radius,0.3000,22350805,2.571419,0.360869,5.537483,0.049862,0.384845,0.944567,0,0
3093,radius,0.3000,22350806,2.565675,0.360063,5.651927,0.049335,0.384845,0.965459,0,1
3094,radius,0.3000,22350807,2.576909,0.361639,5.653651,0.050242,0.384845,0.987839,0,0
3095,radius,0.3000,22350808,2.556505,0.358776,5.555478,0.049366,0.384845,0.974358,0,0
3096,radius,0.3000,22350809,2.565201,0.359996,5.577651,0.049669,0.384845,0.975516,0,0
3097,radius,0.3000,22350810,2.555914,0.358693,5.517939,0.049658,0.384845,0.962749,0,0
3098,radius,0.3000,22350811,2.554189,0.358451,5.510842,0.048140,0.384845,0.982977,0,0
3099,radius,0.3000,22350812,2.566956,0.360242,5.619066,0.050361,0.384845,0.989304,0,0
3100,radius,0.3000,22350813,2.571662,0.360903,5.663434,0.049952,0.384845,0.966930,0,0
3101,radius,0.3000,22350814,2.578559,0.361871,5.691767,0.050258,0.384845,0.963062,0,1
3102,radius,0.3000,22350815,2.564478,0.359895,5.574240,0.049622,0.384845,0.951744,0,0
3103,radius,0.3000,22350816,2.577310,0.361695,5.582481,0.050079,0.384845,0.934384,0,0
3104,radius,0.3000,22350817,2.570955,0.360804,5.615520,0.049719,0.384845,0.959952,0,1
3105,radius,0.3000,22350818,2.558005,0.358986,5.575769,0.049172,0.384845,0.985550,0,0
3106,radius,0.3000,22350819,2.543364,0.356932,5.469317,0.049749,0.384845,0.980297,0,1
3107,radius,0.3000,22350820,2.564808,0.359941,5.561853,0.048467,0.384845,0.937722,0,0
3108,radius,0.3000,22350821,2.557508,0.358917,5.611747,0.050229,0.384845,0.973115,0,0
3109,radius,0.3000,22350822,2.578374,0.361845,5.629777,0.050412,0.384845,0.986086,0,1
3110,radius,0.3000,22350823,2.564965,0.359963,5.641273,0.050223,0.384845,0.981100,0,0
3111,radius,0.3000,22350824,2.550793,0.357974,5.524092,0.048920,0.384845,0.950701,0,0
3112,radius,0.3000,22350825,2.590718,0.363577,5.680031,0.049030,0.384845,0.980050,0,1
3113,radius,0.3000,22350826,2.561197,0.359434,5.583004,0.049962,0.384845,0.997355,0,0
3114,radius,0.3000,22350827,2.557941,0.358977,5.576217,0.050278,0.384845,0.958965,0,0
3115,radius,0.3000,22350828,2.560455,0.359330,5.623780,0.050690,0.384845,0.991358,0,0
3116,radius,0.3000,22350829,2.580758,0.362179,5.680097,0.050183,0.384845,0.991505,0,0
3117,radius,0.3000,22350830,2.553531,0.358358,5.585390,0.050807,0.384845,0.943141,0,0
3118,radius,0.3000,22350831,2.556756,0.358811,5.592036,0.049987,0.384845,0.956635,0,1
3119,radius,0.3000,22350832,2.558508,0.359057,5.643261,0.050729,0.384845,0.961333,0,0
3120,radius,0.3000,22350833,2.553247,0.358318,5.568660,0.050641,0.384845,0.987006,0,0
3121,radius,0.3000,22350834,2.549022,0.357726,5.552979,0.049557,0.384845,0.988024,0,1
3122,radius,0.3000,22350835,2.537503,0.356109,5.516350,0.049432,0.384845,0.990904,0,0
3123,radius,0.3000,22350836,2.568649,0.360480,5.615990,0.050856,0.384845,0.999471,0,0
3124,radius,0.3000,22350837,2.575069,0.361381,5.569810,0.049909,0.384845,0.967159,0,0
3125,radius,0.3000,22350838,2.579102,0.361947,5.595874,0.048071,0.384845,0.933706,0,0
3126,radius,0.3000,22350839,2.563466,0.359753,5.612668,0.050368,0.384845,1.001974,0,0
3127,radius,0.3000,22350840,2.578787,0.361903,5.625804,0.050740,0.384845,0.949304,0,3
3128,radius,0.3000,22350841,2.575393,0.361426,5.605587,0.049645,0.384845,1.005866,0,0
3129,radius,0.3000,22350842,2.557926,0.358975,5.599566,0.049440,0.384845,1.004984,0,0
3130,radius,0.3000,22350843,2.555916,0.358693,5.551438,0.049691,0.384845,0.977383,0,0
3131,radius,0.3000,22350844,2.600468,0.364945,5.699511,0.049204,0.384845,0.957398,0,0
3132,radius,0.3000,22350845,2.569224,0.360561,5.563202,0.049466,0.384845,0.955022,0,1
3133,radius,0.3000,22350846,2.590786,0.363587,5.738854,0.050155,0.384845,0.978643,0,0
3134,radius,0.3000,22350847,2.588168,0.363219,5.700876,0.049864,0.384845,0.981791,0,1
3135,radius,0.3000,22350848,2.563232,0.359720,5.526086,0.048900,0.384845,0.940576,0,0
3136,radius,0.3000,22350849,2.588855,0.363316,5.675338,0.050276,0.384845,0.964383,0,1
3137,radius,0.3000,22350850,2.567344,0.360297,5.653280,0.050628,0.384845,1.005556,0,0
3138,radius,0.3000,22350851,2.562109,0.359562,5.590457,0.050152,0.384845,1.001653,0,1
3139,radius,0.3000,22350852,2.558980,0.359123,5.609506,0.050023,0.384845,0.970436,0,0
3140,radius,0.3000,22350853,2.553757,0.358390,5.478138,0.048684,0.384845,1.008733,0,0
3141,radius,0.3000,22350854,2.555820,0.358680,5.540620,0.050042,0.384845,0.955206,0,0
3142,radius,0.3000,22350855,2.530327,0.355102,5.473885,0.049289,0.384845,0.999152,0,0
3143,radius,0.3000,22350856,2.561921,0.359536,5.579950,0.049857,0.384845,0.949026,0,0
3144,radius,0.3000,22350857,2.576949,0.361645,5.630089,0.049490,0.384845,0.977348,0,0
3145,radius,0.3000,22350858,2.568115,0.360405,5.599538,0.049634,0.384845,0.937908,0,0
3146,radius,0.3000,22350859,2.537845,0.356157,5.503366,0.048925,0.384845,1.015220,0,0
3147,radius,0.3000,22350860,2.562028,0.359551,5.580763,0.049463,0.384845,0.965640,0,0
3148,radius,0.3000,22350861,2.574611,0.361317,5.702072,0.050438,0.384845,1.017658,0,0
3149,radius,0.3000,22350862,2.550373,0.357915,5.545128,0.049380,0.384845,0.998366,0,0
3150,radius,0.3000,22350863,2.588741,0.363300,5.674566,0.049507,0.384845,0.988304,0,0
